release_date,date_id,year,month,quarter
2009-12-10,1,2009,12,4
2007-05-19,2,2007,5,2
2015-10-26,3,2015,10,4
2012-07-16,4,2012,7,3
2012-03-07,5,2012,3,1
2007-05-01,6,2007,5,2
2010-11-24,7,2010,11,4
2015-04-22,8,2015,4,2
2009-07-07,9,2009,7,3
2016-03-23,10,2016,3,1
2006-06-28,11,2006,6,2
2008-10-30,12,2008,10,4
2006-06-20,13,2006,6,2
2013-07-03,14,2013,7,3
2013-06-12,15,2013,6,2
2008-05-15,16,2008,5,2
2012-04-25,17,2012,4,2
2011-05-14,18,2011,5,2
2012-05-23,19,2012,5,2
2014-12-10,20,2014,12,4
2012-06-27,21,2012,6,2
2010-05-12,22,2010,5,2
2013-12-11,23,2013,12,4
2007-12-04,24,2007,12,4
2005-12-14,25,2005,12,4
1997-11-18,26,1997,11,4
2016-04-27,27,2016,4,2
2012-04-11,28,2012,4,2
2015-06-09,29,2015,6,2
2012-10-25,30,2012,10,4
2004-06-25,31,2004,6,2
2013-04-18,32,2013,4,2
2010-03-03,33,2010,3,1
2006-05-24,34,2006,5,2
2013-06-20,35,2013,6,2
2009-06-19,36,2009,6,2
2014-06-25,37,2014,6,2
2013-03-07,38,2013,3,1
2014-04-16,39,2014,4,2
2010-12-10,40,2010,12,4
2011-06-11,41,2011,6,2
2011-06-16,42,2011,6,2
2010-06-16,43,2010,6,2
2009-05-20,44,2009,5,2
2015-04-01,45,2015,4,2
2014-05-15,46,2014,5,2
2013-05-05,47,2013,5,2
2013-02-27,48,2013,2,1
2013-05-10,49,2013,5,2
2010-05-19,50,2010,5,2
2013-07-11,51,2013,7,3
2011-06-28,52,2011,6,2
2008-05-21,53,2008,5,2
2015-11-14,54,2015,11,4
2012-06-21,55,2012,6,2
2016-07-07,56,2016,7,3
2008-06-22,57,2008,6,2
2007-08-08,58,2007,8,3
2009-10-10,59,2009,10,4
2009-11-04,60,2009,11,4
2015-02-04,61,2015,2,1
2016-06-29,62,2016,6,2
2005-12-07,63,2005,12,4
2016-05-18,64,2016,5,2
2008-07-16,65,2008,7,3
2009-05-13,66,2009,5,2
2009-03-19,67,2009,3,1
2008-04-30,68,2008,4,2
2011-11-22,69,2011,11,4
1999-06-29,70,1999,6,2
2008-07-01,71,2008,7,3
2016-08-02,72,2016,8,3
2007-06-09,73,2007,6,2
2014-05-27,74,2014,5,2
1995-07-28,75,1995,7,3
2009-08-04,76,2009,8,3
2016-04-07,77,2016,4,2
2010-04-28,78,2010,4,2
2012-05-30,79,2012,5,2
2014-05-28,80,2014,5,2
2014-06-26,81,2014,6,2
2015-02-13,82,2015,2,1
2013-12-06,83,2013,12,4
2014-03-20,84,2014,3,1
2010-05-16,85,2010,5,2
2015-05-19,86,2015,5,2
2014-10-24,87,2014,10,4
2012-11-01,88,2012,11,4
2004-11-10,89,2004,11,4
2016-06-22,90,2016,6,2
2010-03-05,91,2010,3,1
2003-07-02,92,2003,7,3
2014-07-30,93,2014,7,3
2014-11-05,94,2014,11,4
2010-07-14,95,2010,7,3
2016-07-29,96,2016,7,3
2012-11-26,97,2012,11,4
2001-06-22,98,2001,6,2
2008-11-24,99,2008,11,4
2011-05-24,100,2011,5,2
2015-11-18,101,2015,11,4
2010-07-13,102,2010,7,3
2006-05-12,103,2006,5,2
2016-05-25,104,2016,5,2
2007-05-17,105,2007,5,2
2015-06-23,106,2015,6,2
2010-08-13,107,2010,8,3
2001-05-21,108,2001,5,2
2007-06-27,109,2007,6,2
2004-11-21,110,2004,11,4
2007-06-28,111,2007,6,2
2005-11-05,112,2005,11,4
2007-12-14,113,2007,12,4
2005-07-13,114,2005,7,3
2007-06-22,115,2007,6,2
2005-06-10,116,2005,6,2
2009-04-28,117,2009,4,2
2003-11-05,118,2003,11,4
2013-11-27,119,2013,11,4
2003-05-15,120,2003,5,2
2013-10-29,121,2013,10,4
2015-05-13,122,2015,5,2
2011-04-21,123,2011,4,2
2008-11-21,124,2008,11,4
2009-07-21,125,2009,7,3
2012-03-27,126,2012,3,1
2012-05-08,127,2012,5,2
2015-07-23,128,2015,7,3
2010-02-11,129,2010,2,1
2007-10-28,130,2007,10,4
2011-05-25,131,2011,5,2
2010-06-30,132,2010,6,2
2006-05-03,133,2006,5,2
2013-06-27,134,2013,6,2
2011-03-09,135,2011,3,1
2006-10-22,136,2006,10,4
2015-09-24,137,2015,9,3
2014-02-07,138,2014,2,1
2004-05-13,139,2004,5,2
2012-06-06,140,2012,6,2
2002-11-17,141,2002,11,4
2016-07-14,142,2016,7,3
1998-07-01,143,1998,7,3
2002-07-03,144,2002,7,3
2007-11-05,145,2007,11,4
2016-01-23,146,2016,1,1
2011-12-07,147,2011,12,4
2012-11-21,148,2012,11,4
2005-12-21,149,2005,12,4
2003-12-05,150,2003,12,4
2014-12-03,151,2014,12,4
2009-05-06,152,2009,5,2
2002-05-01,153,2002,5,2
2014-06-12,154,2014,6,2
2016-02-25,155,2016,2,1
2005-07-28,156,2005,7,3
2009-03-05,157,2009,3,1
1998-07-10,158,1998,7,3
2003-06-19,159,2003,6,2
2013-03-26,160,2013,3,1
2005-04-06,161,2005,4,2
2001-07-02,162,2001,7,3
2011-07-22,163,2011,7,3
1999-11-08,164,1999,11,4
2003-11-14,165,2003,11,4
2012-11-13,166,2012,11,4
2011-11-17,167,2011,11,4
2008-06-12,168,2008,6,2
2016-06-01,169,2016,6,2
2015-12-25,170,2015,12,4
2011-03-02,171,2011,3,1
2014-11-22,172,2014,11,4
2007-08-03,173,2007,8,3
2008-06-04,174,2008,6,2
2015-07-14,175,2015,7,3
2013-11-15,176,2013,11,4
2015-03-18,177,2015,3,1
2005-06-28,178,2005,6,2
2003-07-18,179,2003,7,3
2011-10-28,180,2011,10,4
2010-07-21,181,2010,7,3
2011-10-25,182,2011,10,4
2004-05-31,183,2004,5,2
2008-11-18,184,2008,11,4
2013-05-30,185,2013,5,2
2000-05-19,186,2000,5,2
2014-12-17,187,2014,12,4
2010-10-28,188,2010,10,4
2001-11-16,189,2001,11,4
2013-07-18,190,2013,7,3
2003-07-09,191,2003,7,3
2014-11-18,192,2014,11,4
2006-05-17,193,2006,5,2
2014-03-19,194,2014,3,1
2003-04-24,195,2003,4,2
2011-04-20,196,2011,4,2
2010-04-01,197,2010,4,2
1990-06-01,198,1990,6,2
1999-08-27,199,1999,8,3
2012-08-08,200,2012,8,3
1997-06-20,201,1997,6,2
2000-11-17,202,2000,11,4
2004-05-26,203,2004,5,2
2000-05-24,204,2000,5,2
2000-03-15,205,2000,3,1
2007-06-13,206,2007,6,2
2012-11-20,207,2012,11,4
2007-02-16,208,2007,2,1
2016-07-27,209,2016,7,3
2003-06-27,210,2003,6,2
2002-07-19,211,2002,7,3
2013-08-07,212,2013,8,3
2004-06-11,213,2004,6,2
2014-01-30,214,2014,1,1
2008-05-09,215,2008,5,2
2010-12-17,216,2010,12,4
2010-06-15,217,2010,6,2
2013-04-10,218,2013,4,2
2005-05-17,219,2005,5,2
2002-05-15,220,2002,5,2
2001-11-01,221,2001,11,4
2013-07-23,222,2013,7,3
1999-05-19,223,1999,5,2
2013-03-20,224,2013,3,1
2008-01-13,225,2008,1,1
2002-06-14,226,2002,6,2
2016-04-06,227,2016,4,2
2014-08-07,228,2014,8,3
2013-09-27,229,2013,9,3
1997-02-07,230,1997,2,1
2015-08-05,231,2015,8,3
2006-10-20,232,2006,10,4
2015-05-27,233,2015,5,2
1997-12-11,234,1997,12,4
2000-06-28,235,2000,6,2
2004-12-09,236,2004,12,4
2005-06-07,237,2005,6,2
2004-12-17,238,2004,12,4
2010-12-25,239,2010,12,4
2011-01-12,240,2011,1,1
2014-03-05,241,2014,3,1
2011-07-29,242,2011,7,3
2004-04-02,243,2004,4,2
2016-03-09,244,2016,3,1
2011-09-28,245,2011,9,3
2013-07-30,246,2013,7,3
1997-06-13,247,1997,6,2
2013-10-23,248,2013,10,4
2007-06-20,249,2007,6,2
2001-12-18,250,2001,12,4
2004-06-16,251,2004,6,2
2001-12-11,252,2001,12,4
2003-11-21,253,2003,11,4
2004-07-15,254,2004,7,3
2005-05-03,255,2005,5,2
1999-12-17,256,1999,12,4
2009-12-08,257,2009,12,4
2015-09-30,258,2015,9,3
2005-07-20,259,2005,7,3
2001-04-27,260,2001,4,2
2000-06-09,261,2000,6,2
2000-05-01,262,2000,5,2
2002-06-20,263,2002,6,2
2002-11-13,264,2002,11,4
2006-11-14,265,2006,11,4
2001-07-25,266,2001,7,3
1991-07-01,267,1991,7,3
2009-07-01,268,2009,7,3
2007-11-02,269,2007,11,4
1994-07-14,270,1994,7,3
2009-06-11,271,2009,6,2
2010-12-21,272,2010,12,4
2010-08-06,273,2010,8,3
1996-06-21,274,1996,6,2
2012-12-25,275,2012,12,4
2000-12-09,276,2000,12,4
2004-11-19,277,2004,11,4
2006-12-14,278,2006,12,4
2009-10-16,279,2009,10,4
2013-05-15,280,2013,5,2
2010-12-08,281,2010,12,4
1999-11-24,282,1999,11,4
2006-12-07,283,2006,12,4
2013-12-25,284,2013,12,4
1995-05-31,285,1995,5,2
1997-11-06,286,1997,11,4
2012-10-26,287,2012,10,4
2010-07-10,288,2010,7,3
2004-07-22,289,2004,7,3
2014-07-23,290,2014,7,3
2002-11-26,291,2002,11,4
2009-06-05,292,2009,6,2
2014-08-04,293,2014,8,3
2015-12-03,294,2015,12,4
2005-02-18,295,2005,2,1
2015-11-20,296,2015,11,4
2002-08-15,297,2002,8,3
2010-03-11,298,2010,3,1
2015-11-05,299,2015,11,4
1997-09-08,300,1997,9,3
2001-04-28,301,2001,4,2
2002-12-14,302,2002,12,4
2011-12-15,303,2011,12,4
2007-06-08,304,2007,6,2
2004-06-10,305,2004,6,2
2001-12-28,306,2001,12,4
2012-08-09,307,2012,8,3
1997-05-07,308,1997,5,2
2010-05-26,309,2010,5,2
2000-03-31,310,2000,3,1
2012-06-26,311,2012,6,2
2015-03-12,312,2015,3,1
2009-12-26,313,2009,12,4
2003-05-30,314,2003,5,2
2003-12-01,315,2003,12,4
2002-12-18,316,2002,12,4
2014-12-12,317,2014,12,4
2001-06-11,318,2001,6,2
2001-07-18,319,2001,7,3
2011-08-03,320,2011,8,3
2008-02-14,321,2008,2,1
2013-02-06,322,2013,2,1
2004-04-07,323,2004,4,2
2004-11-05,324,2004,11,4
1995-12-22,325,1995,12,4
2010-02-01,326,2010,2,1
1997-07-02,327,1997,7,3
1999-10-30,328,1999,10,4
2010-11-04,329,2010,11,4
2001-08-03,330,2001,8,3
2000-07-21,331,2000,7,3
2009-09-17,332,2009,9,3
2009-06-29,333,2009,6,2
2013-12-18,334,2013,12,4
2000-11-02,335,2000,11,4
2006-10-05,336,2006,10,4
1998-06-18,337,1998,6,2
2008-08-09,338,2008,8,3
2011-12-14,339,2011,12,4
1995-05-19,340,1995,5,2
2009-12-23,341,2009,12,4
2016-08-17,342,2016,8,3
2001-06-02,343,2001,6,2
2015-12-17,344,2015,12,4
2008-12-25,345,2008,12,4
2008-06-05,346,2008,6,2
2015-07-16,347,2015,7,3
2001-06-29,348,2001,6,2
2003-11-25,349,2003,11,4
1997-07-11,350,1997,7,3
2000-08-04,351,2000,8,3
2005-04-08,352,2005,4,2
2003-07-21,353,2003,7,3
2016-06-02,354,2016,6,2
1997-04-03,355,1997,4,2
2001-11-18,356,2001,11,4
2000-03-10,357,2000,3,1
2011-04-03,358,2011,4,2
1997-04-25,359,1997,4,2
1997-03-12,360,1997,3,1
1982-04-02,361,1982,4,2
2005-06-02,362,2005,6,2
2003-07-22,363,2003,7,3
1996-05-10,364,1996,5,2
2000-12-22,365,2000,12,4
2006-11-16,366,2006,11,4
2004-07-23,367,2004,7,3
1997-07-25,368,1997,7,3
2001-12-07,369,2001,12,4
2011-08-31,370,2011,8,3
2012-09-20,371,2012,9,3
2007-11-20,372,2007,11,4
2012-02-09,373,2012,2,1
2000-10-07,374,2000,10,4
2011-11-02,375,2011,11,4
2006-12-08,376,2006,12,4
1998-11-20,377,1998,11,4
2007-06-07,378,2007,6,2
2006-09-29,379,2006,9,3
2014-03-14,380,2014,3,1
2001-03-13,381,2001,3,1
2003-09-26,382,2003,9,3
1993-06-18,383,1993,6,2
2005-12-06,384,2005,12,4
2006-06-03,385,2006,6,2
2011-02-22,386,2011,2,1
1998-11-12,387,1998,11,4
2002-02-06,388,2002,2,1
1979-12-20,389,1979,12,4
2012-03-15,390,2012,3,1
2010-07-27,391,2010,7,3
2003-03-28,392,2003,3,1
2000-07-27,393,2000,7,3
2012-09-07,394,2012,9,3
2006-06-22,395,2006,6,2
1982-11-12,396,1982,11,4
2010-07-30,397,2010,7,3
2008-02-10,398,2008,2,1
2008-07-11,399,2008,7,3
2007-03-02,400,2007,3,1
2003-05-23,401,2003,5,2
2010-08-03,402,2010,8,3
1996-05-22,403,1996,5,2
2012-03-12,404,2012,3,1
1992-06-19,405,1992,6,2
2006-04-22,406,2006,4,2
2002-06-21,407,2002,6,2
2006-12-15,408,2006,12,4
1998-05-08,409,1998,5,2
2005-05-19,410,2005,5,2
2008-06-19,411,2008,6,2
2003-12-12,412,2003,12,4
2010-02-18,413,2010,2,1
2008-11-26,414,2008,11,4
2005-03-10,415,2005,3,1
1997-06-27,416,1997,6,2
2008-12-24,417,2008,12,4
2002-07-12,418,2002,7,3
2011-02-10,419,2011,2,1
1997-06-01,420,1997,6,2
2008-09-25,421,2008,9,3
2003-12-24,422,2003,12,4
2010-01-14,423,2010,1,1
1997-11-26,424,1997,11,4
1999-07-23,425,1999,7,3
1996-11-15,426,1996,11,4
2006-01-18,427,2006,1,1
2008-12-10,428,2008,12,4
1997-08-07,429,1997,8,3
2014-10-15,430,2014,10,4
1998-06-12,431,1998,6,2
2010-12-11,432,2010,12,4
2002-05-24,433,2002,5,2
2011-07-06,434,2011,7,3
1998-04-03,435,1998,4,2
2004-07-30,436,2004,7,3
1998-04-22,437,1998,4,2
2015-09-21,438,2015,9,3
2002-03-04,439,2002,3,1
1998-12-25,440,1998,12,4
2001-06-07,441,2001,6,2
2005-10-24,442,2005,10,4
1998-10-02,443,1998,10,4
2000-11-10,444,2000,11,4
2005-08-26,445,2005,8,3
1996-12-12,446,1996,12,4
2015-09-14,447,2015,9,3
1997-09-06,448,1997,9,3
2009-09-24,449,2009,9,3
2000-12-24,450,2000,12,4
1996-12-06,451,1996,12,4
2000-05-10,452,2000,5,2
2009-12-03,453,2009,12,4
2003-11-26,454,2003,11,4
1997-12-25,455,1997,12,4
1998-11-25,456,1998,11,4
2015-10-21,457,2015,10,4
2006-12-13,458,2006,12,4
2009-10-17,459,2009,10,4
2005-05-15,460,2005,5,2
2014-02-18,461,2014,2,1
2015-10-30,462,2015,10,4
1994-06-23,463,1994,6,2
2012-01-19,464,2012,1,1
2013-09-26,465,2013,9,3
2002-09-29,466,2002,9,3
2004-03-05,467,2004,3,1
2011-11-11,468,2011,11,4
2003-06-05,469,2003,6,2
2015-07-29,470,2015,7,3
2007-08-17,471,2007,8,3
2000-06-30,472,2000,6,2
2016-06-18,473,2016,6,2
2003-07-11,474,2003,7,3
2013-06-25,475,2013,6,2
1996-06-25,476,1996,6,2
1997-05-23,477,1997,5,2
2005-05-25,478,2005,5,2
2006-09-22,479,2006,9,3
2000-07-13,480,2000,7,3
1996-06-06,481,1996,6,2
2006-03-23,482,2006,3,1
2004-02-13,483,2004,2,1
2007-07-13,484,2007,7,3
2004-08-20,485,2004,8,3
2013-05-29,486,2013,5,2
2010-06-24,487,2010,6,2
2004-06-17,488,2004,6,2
2009-01-16,489,2009,1,1
2000-12-08,490,2000,12,4
2007-12-19,491,2007,12,4
2004-09-20,492,2004,9,3
2006-12-25,493,2006,12,4
2005-03-04,494,2005,3,1
2005-12-22,495,2005,12,4
2003-03-07,496,2003,3,1
2010-06-04,497,2010,6,2
2015-08-13,498,2015,8,3
2006-07-21,499,2006,7,3
2001-10-12,500,2001,10,4
1995-07-07,501,1995,7,3
1999-12-16,502,1999,12,4
2011-11-10,503,2011,11,4
2005-03-09,504,2005,3,1
2000-06-16,505,2000,6,2
2003-06-09,506,2003,6,2
1998-10-23,507,1998,10,4
2009-09-04,508,2009,9,3
2001-02-23,509,2001,2,1
2000-11-13,510,2000,11,4
2015-06-17,511,2015,6,2
2011-03-24,512,2011,3,1
1998-08-07,513,1998,8,3
1998-02-13,514,1998,2,1
2016-05-11,515,2016,5,2
2008-02-07,516,2008,2,1
2009-07-31,517,2009,7,3
2007-08-22,518,2007,8,3
2006-08-04,519,2006,8,3
1995-05-24,520,1995,5,2
2005-11-04,521,2005,11,4
2007-07-25,522,2007,7,3
2001-12-21,523,2001,12,4
1998-06-22,524,1998,6,2
2002-08-02,525,2002,8,3
2004-05-19,526,2004,5,2
2006-06-08,527,2006,6,2
1999-07-30,528,1999,7,3
2002-08-09,529,2002,8,3
2015-02-05,530,2015,2,1
1996-11-08,531,1996,11,4
2009-08-18,532,2009,8,3
1991-12-11,533,1991,12,4
1990-07-02,534,1990,7,3
2003-08-08,535,2003,8,3
2001-12-10,536,2001,12,4
2004-08-12,537,2004,8,3
2009-12-21,538,2009,12,4
2002-03-01,539,2002,3,1
1998-12-10,540,1998,12,4
2011-03-08,541,2011,3,1
2003-12-25,542,2003,12,4
1994-06-17,543,1994,6,2
2011-12-25,544,2011,12,4
2014-01-24,545,2014,1,1
1989-08-09,546,1989,8,3
2010-09-02,547,2010,9,3
2014-10-01,548,2014,10,4
1998-11-06,549,1998,11,4
2007-08-09,550,2007,8,3
1997-09-12,551,1997,9,3
2011-01-13,552,2011,1,1
2002-06-07,553,2002,6,2
2005-10-20,554,2005,10,4
2002-10-31,555,2002,10,4
2012-06-13,556,2012,6,2
2002-02-15,557,2002,2,1
2011-09-23,558,2011,9,3
2002-02-08,559,2002,2,1
2002-09-20,560,2002,9,3
1998-01-16,561,1998,1,1
2001-08-07,562,2001,8,3
2013-06-13,563,2013,6,2
2015-01-13,564,2015,1,1
2004-09-17,565,2004,9,3
2006-03-29,566,2006,3,1
2013-10-09,567,2013,10,4
2014-01-10,568,2014,1,1
2002-05-31,569,2002,5,2
2010-06-23,570,2010,6,2
2001-07-13,571,2001,7,3
2010-07-08,572,2010,7,3
1995-11-21,573,1995,11,4
2015-06-25,574,2015,6,2
2009-05-17,575,2009,5,2
1999-08-06,576,1999,8,3
2011-02-25,577,2011,2,1
1999-10-28,578,1999,10,4
2016-01-25,579,2016,1,1
2008-10-10,580,2008,10,4
2012-06-20,581,2012,6,2
1999-04-29,582,1999,4,2
1998-06-19,583,1998,6,2
2007-04-19,584,2007,4,2
1998-07-24,585,1998,7,3
2014-03-13,586,2014,3,1
2000-12-15,587,2000,12,4
2002-03-10,588,2002,3,1
2003-03-21,589,2003,3,1
2012-11-09,590,2012,11,4
1999-03-30,591,1999,3,1
1995-06-30,592,1995,6,2
2012-12-18,593,2012,12,4
1998-12-17,594,1998,12,4
2008-07-25,595,2008,7,3
1998-07-16,596,1998,7,3
2014-12-25,597,2014,12,4
2000-07-31,598,2000,7,3
1993-05-28,599,1993,5,2
1996-02-09,600,1996,2,1
2000-07-07,601,2000,7,3
2006-08-09,602,2006,8,3
2003-12-19,603,2003,12,4
2012-05-15,604,2012,5,2
1999-07-14,605,1999,7,3
2014-12-19,606,2014,12,4
2015-02-25,607,2015,2,1
2012-02-14,608,2012,2,1
2004-12-08,609,2004,12,4
1984-08-10,610,1984,8,3
1998-03-20,611,1998,3,1
2012-09-12,612,2012,9,3
2008-08-22,613,2008,8,3
1996-10-11,614,1996,10,4
2005-11-06,615,2005,11,4
1999-10-15,616,1999,10,4
2006-12-12,617,2006,12,4
1991-05-23,618,1991,5,2
2000-10-27,619,2000,10,4
2014-01-22,620,2014,1,1
2005-09-23,621,2005,9,3
2005-01-13,622,2005,1,1
2014-08-20,623,2014,8,3
1999-10-08,624,1999,10,4
2015-09-10,625,2015,9,3
2006-09-13,626,2006,9,3
2002-07-26,627,2002,7,3
2009-10-15,628,2009,10,4
1993-06-11,629,1993,6,2
1994-06-24,630,1994,6,2
1994-08-03,631,1994,8,3
2015-02-19,632,2015,2,1
2006-08-31,633,2006,8,3
2000-04-20,634,2000,4,2
1995-11-17,635,1995,11,4
2008-06-20,636,2008,6,2
2007-03-30,637,2007,3,1
2011-03-30,638,2011,3,1
2006-12-09,639,2006,12,4
2004-12-22,640,2004,12,4
1999-12-10,641,1999,12,4
1995-11-16,642,1995,11,4
1999-06-18,643,1999,6,2
1998-06-04,644,1998,6,2
1998-12-15,645,1998,12,4
2003-05-03,646,2003,5,2
2013-08-02,647,2013,8,3
2001-07-04,648,2001,7,3
2002-12-19,649,2002,12,4
2009-09-19,650,2009,9,3
1990-06-27,651,1990,6,2
2015-09-09,652,2015,9,3
2010-08-12,653,2010,8,3
2000-12-12,654,2000,12,4
2010-10-13,655,2010,10,4
1998-05-14,656,1998,5,2
2004-08-04,657,2004,8,3
2002-04-16,658,2002,4,2
2004-10-01,659,2004,10,4
2012-12-20,660,2012,12,4
1999-07-28,661,1999,7,3
2009-10-28,662,2009,10,4
2011-09-08,663,2011,9,3
2003-01-17,664,2003,1,1
2009-02-05,665,2009,2,1
2008-06-11,666,2008,6,2
2004-04-23,667,2004,4,2
2006-03-09,668,2006,3,1
1998-03-05,669,1998,3,1
2012-08-03,670,2012,8,3
1997-11-14,671,1997,11,4
1996-03-01,672,1996,3,1
2008-12-19,673,2008,12,4
2002-09-27,674,2002,9,3
1995-07-13,675,1995,7,3
2014-01-15,676,2014,1,1
2015-12-24,677,2015,12,4
2016-03-02,678,2016,3,1
1997-11-12,679,1997,11,4
2007-03-22,680,2007,3,1
2014-09-10,681,2014,9,3
1998-10-16,682,1998,10,4
2014-02-06,683,2014,2,1
2005-03-11,684,2005,3,1
2013-01-10,685,2013,1,1
2009-06-18,686,2009,6,2
2009-04-17,687,2009,4,2
1999-02-11,688,1999,2,1
2006-04-19,689,2006,4,2
2009-11-19,690,2009,11,4
2002-12-13,691,2002,12,4
2003-09-02,692,2003,9,3
2012-09-21,693,2012,9,3
2010-01-29,694,2010,1,1
1997-01-10,695,1997,1,1
2002-12-06,696,2002,12,4
2008-09-11,697,2008,9,3
2009-04-24,698,2009,4,2
2000-09-15,699,2000,9,3
2006-06-15,700,2006,6,2
2005-04-27,701,2005,4,2
2011-05-05,702,2011,5,2
1997-08-15,703,1997,8,3
2002-02-22,704,2002,2,1
2006-09-15,705,2006,9,3
2001-10-19,706,2001,10,4
2000-01-14,707,2000,1,1
2014-02-13,708,2014,2,1
2013-08-21,709,2013,8,3
2008-07-08,710,2008,7,3
2005-06-27,711,2005,6,2
1999-03-26,712,1999,3,1
2008-12-11,713,2008,12,4
2015-01-21,714,2015,1,1
2007-11-29,715,2007,11,4
2003-10-23,716,2003,10,4
2016-01-22,717,2016,1,1
2005-08-12,718,2005,8,3
2016-02-09,719,2016,2,1
1998-10-08,720,1998,10,4
2014-12-11,721,2014,12,4
2005-09-16,722,2005,9,3
2000-04-28,723,2000,4,2
1988-05-24,724,1988,5,2
2008-03-24,725,2008,3,1
2015-12-11,726,2015,12,4
2009-12-17,727,2009,12,4
2013-06-07,728,2013,6,2
2010-09-09,729,2010,9,3
1997-10-17,730,1997,10,4
2012-06-14,731,2012,6,2
1996-05-31,732,1996,5,2
2004-11-12,733,2004,11,4
2011-12-10,734,2011,12,4
2001-08-17,735,2001,8,3
1994-07-06,736,1994,7,3
2007-12-13,737,2007,12,4
2000-10-06,738,2000,10,4
1995-06-14,739,1995,6,2
1978-12-13,740,1978,12,4
1996-06-26,741,1996,6,2
2005-02-10,742,2005,2,1
1997-07-15,743,1997,7,3
2003-08-01,744,2003,8,3
2013-10-10,745,2013,10,4
2010-04-08,746,2010,4,2
1995-05-26,747,1995,5,2
2014-09-24,748,2014,9,3
1995-05-12,749,1995,5,2
2005-09-22,750,2005,9,3
1994-12-09,751,1994,12,4
1998-04-10,752,1998,4,2
2003-10-10,753,2003,10,4
1999-08-12,754,1999,8,3
2004-04-16,755,2004,4,2
1989-12-22,756,1989,12,4
1992-07-30,757,1992,7,3
2000-05-26,758,2000,5,2
1996-03-15,759,1996,3,1
2011-06-17,760,2011,6,2
2008-04-18,761,2008,4,2
2013-10-30,762,2013,10,4
1992-05-22,763,1992,5,2
1996-12-14,764,1996,12,4
1998-09-25,765,1998,9,3
2014-11-27,766,2014,11,4
2012-07-26,767,2012,7,3
2003-03-11,768,2003,3,1
1999-06-04,769,1999,6,2
2003-12-10,770,2003,12,4
2008-02-28,771,2008,2,1
2008-01-30,772,2008,1,1
1996-08-02,773,1996,8,3
1996-08-15,774,1996,8,3
2007-09-09,775,2007,9,3
2005-11-30,776,2005,11,4
2003-02-21,777,2003,2,1
1997-01-09,778,1997,1,1
2010-11-23,779,2010,11,4
2004-10-26,780,2004,10,4
1962-06-13,781,1962,6,2
2002-01-04,782,2002,1,1
2002-03-22,783,2002,3,1
2008-12-18,784,2008,12,4
2013-01-31,785,2013,1,1
1990-12-24,786,1990,12,4
2005-10-06,787,2005,10,4
2006-07-14,788,2006,7,3
1980-12-04,789,1980,12,4
2006-09-10,790,2006,9,3
2000-06-15,791,2000,6,2
1997-11-20,792,1997,11,4
2001-03-09,793,2001,3,1
2001-10-30,794,2001,10,4
2015-09-04,795,2015,9,3
2006-10-18,796,2006,10,4
2007-04-06,797,2007,4,2
2002-12-25,798,2002,12,4
2012-12-19,799,2012,12,4
2006-06-01,800,2006,6,2
2008-07-03,801,2008,7,3
2010-02-10,802,2010,2,1
2005-08-05,803,2005,8,3
2011-08-05,804,2011,8,3
1999-12-22,805,1999,12,4
1995-11-22,806,1995,11,4
2010-02-05,807,2010,2,1
2000-06-22,808,2000,6,2
2006-11-22,809,2006,11,4
2009-03-15,810,2009,3,1
2001-05-16,811,2001,5,2
2011-03-03,812,2011,3,1
1991-06-14,813,1991,6,2
2012-06-29,814,2012,6,2
1997-12-19,815,1997,12,4
2002-06-28,816,2002,6,2
2011-06-08,817,2011,6,2
2000-03-17,818,2000,3,1
2003-02-07,819,2003,2,1
2014-06-05,820,2014,6,2
1994-11-11,821,1994,11,4
2008-12-09,822,2008,12,4
2016-06-15,823,2016,6,2
1999-02-05,824,1999,2,1
1995-06-09,825,1995,6,2
2011-12-22,826,2011,12,4
2006-03-10,827,2006,3,1
2005-03-17,828,2005,3,1
2004-11-24,829,2004,11,4
2011-09-22,830,2011,9,3
1995-03-10,831,1995,3,1
2014-01-26,832,2014,1,1
2009-03-12,833,2009,3,1
2006-03-15,834,2006,3,1
2003-02-06,835,2003,2,1
2006-02-10,836,2006,2,1
2005-06-22,837,2005,6,2
2001-09-28,838,2001,9,3
2013-01-17,839,2013,1,1
2002-05-10,840,2002,5,2
2011-02-18,841,2011,2,1
2005-11-23,842,2005,11,4
2016-01-13,843,2016,1,1
1997-02-14,844,1997,2,1
1997-08-22,845,1997,8,3
2006-04-21,846,2006,4,2
2000-08-07,847,2000,8,3
2012-04-04,848,2012,4,2
1998-07-29,849,1998,7,3
2014-08-06,850,2014,8,3
1994-05-24,851,1994,5,2
1990-06-15,852,1990,6,2
2014-10-08,853,2014,10,4
1997-09-26,854,1997,9,3
2004-09-10,855,2004,9,3
2003-10-03,856,2003,10,4
1994-02-18,857,1994,2,1
2000-02-11,858,2000,2,1
2004-05-27,859,2004,5,2
2009-09-29,860,2009,9,3
1999-09-17,861,1999,9,3
1996-06-28,862,1996,6,2
2010-10-15,863,2010,10,4
2002-04-19,864,2002,4,2
1995-10-06,865,1995,10,4
2007-02-06,866,2007,2,1
1999-10-13,867,1999,10,4
2013-03-22,868,2013,3,1
2003-04-18,869,2003,4,2
2002-08-04,870,2002,8,3
2009-02-03,871,2009,2,1
1996-08-09,872,1996,8,3
2004-12-10,873,2004,12,4
2016-06-24,874,2016,6,2
2005-02-25,875,2005,2,1
2015-03-11,876,2015,3,1
2007-09-14,877,2007,9,3
2005-09-30,878,2005,9,3
1999-10-18,879,1999,10,4
2011-04-08,880,2011,4,2
2011-09-30,881,2011,9,3
1997-11-07,882,1997,11,4
1994-07-01,883,1994,7,3
1995-10-13,884,1995,10,4
2010-05-20,885,2010,5,2
2009-09-03,886,2009,9,3
2013-02-13,887,2013,2,1
2002-03-28,888,2002,3,1
2016-02-06,889,2016,2,1
2004-01-30,890,2004,1,1
2000-03-03,891,2000,3,1
2011-02-24,892,2011,2,1
2009-02-27,893,2009,2,1
2001-11-02,894,2001,11,4
1990-07-11,895,1990,7,3
2009-04-01,896,2009,4,2
2000-12-27,897,2000,12,4
1989-05-24,898,1989,5,2
2012-09-06,899,2012,9,3
2015-03-04,900,2015,3,1
1999-11-04,901,1999,11,4
2002-03-29,902,2002,3,1
2006-08-08,903,2006,8,3
1999-09-27,904,1999,9,3
2015-03-15,905,2015,3,1
2001-07-30,906,2001,7,3
2001-10-22,907,2001,10,4
2001-12-25,908,2001,12,4
2000-10-19,909,2000,10,4
1984-12-14,910,1984,12,4
2007-09-06,911,2007,9,3
2014-12-16,912,2014,12,4
1998-06-26,913,1998,6,2
1996-06-10,914,1996,6,2
1998-09-16,915,1998,9,3
1982-10-22,916,1982,10,4
1972-03-20,917,1972,3,1
2006-09-14,918,2006,9,3
1996-02-23,919,1996,2,1
1997-06-19,920,1997,6,2
2001-07-17,921,2001,7,3
1996-11-21,922,1996,11,4
2010-06-18,923,2010,6,2
1996-07-04,924,1996,7,3
1997-03-21,925,1997,3,1
2016-07-13,926,2016,7,3
1981-05-04,927,1981,5,2
1994-05-26,928,1994,5,2
2012-09-27,929,2012,9,3
2003-10-24,930,2003,10,4
2000-12-14,931,2000,12,4
2008-07-10,932,2008,7,3
2004-08-06,933,2004,8,3
1993-12-16,934,1993,12,4
1994-07-20,935,1994,7,3
2007-12-25,936,2007,12,4
1992-06-04,937,1992,6,2
2005-05-13,938,2005,5,2
2013-09-18,939,2013,9,3
2001-10-05,940,2001,10,4
1999-12-23,941,1999,12,4
1998-08-21,942,1998,8,3
2005-01-14,943,2005,1,1
2002-04-07,944,2002,4,2
1997-04-11,945,1997,4,2
2000-07-30,946,2000,7,3
2003-09-07,947,2003,9,3
1994-10-07,948,1994,10,4
1996-08-16,949,1996,8,3
1968-04-24,950,1968,4,2
2005-01-15,951,2005,1,1
2004-12-12,952,2004,12,4
2007-09-20,953,2007,9,3
2014-05-21,954,2014,5,2
2006-01-13,955,2006,1,1
1994-09-30,956,1994,9,3
1995-07-14,957,1995,7,3
2012-07-06,958,2012,7,3
2004-09-06,959,2004,9,3
2003-04-06,960,2003,4,2
2006-07-27,961,2006,7,3
2006-03-01,962,2006,3,1
2008-08-20,963,2008,8,3
1996-10-04,964,1996,10,4
1996-07-19,965,1996,7,3
2001-01-09,966,2001,1,1
2005-12-25,967,2005,12,4
2000-12-11,968,2000,12,4
2010-02-12,969,2010,2,1
1998-01-30,970,1998,1,1
2008-09-15,971,2008,9,3
2006-12-21,972,2006,12,4
2008-08-21,973,2008,8,3
2002-04-05,974,2002,4,2
2007-10-04,975,2007,10,4
1997-01-31,976,1997,1,1
2011-09-15,977,2011,9,3
2012-06-15,978,2012,6,2
2012-10-11,979,2012,10,4
1993-08-06,980,1993,8,3
2010-03-16,981,2010,3,1
1996-10-18,982,1996,10,4
1985-05-21,983,1985,5,2
1996-02-02,984,1996,2,1
1940-02-23,985,1940,2,1
1980-11-19,986,1980,11,4
2006-01-12,987,2006,1,1
2015-11-10,988,2015,11,4
2000-12-21,989,2000,12,4
2000-04-06,990,2000,4,2
2005-02-02,991,2005,2,1
2002-04-12,992,2002,4,2
1993-06-30,993,1993,6,2
2010-05-01,994,2010,5,2
1999-05-13,995,1999,5,2
2000-06-21,996,2000,6,2
2004-01-16,997,2004,1,1
1992-06-30,998,1992,6,2
1963-06-12,999,1963,6,2
2002-04-03,1000,2002,4,2
2002-01-25,1001,2002,1,1
2009-07-08,1002,2009,7,3
1989-07-07,1003,1989,7,3
2011-03-11,1004,2011,3,1
2001-03-01,1005,2001,3,1
2012-01-26,1006,2012,1,1
2010-12-02,1007,2010,12,4
2002-11-08,1008,2002,11,4
2015-04-08,1009,2015,4,2
2001-05-11,1010,2001,5,2
2003-08-15,1011,2003,8,3
2012-01-13,1012,2012,1,1
2011-10-13,1013,2011,10,4
1984-06-22,1014,1984,6,2
2013-12-12,1015,2013,12,4
2009-06-01,1016,2009,6,2
1999-09-24,1017,1999,9,3
1989-11-20,1018,1989,11,4
2014-07-14,1019,2014,7,3
2015-02-11,1020,2015,2,1
2003-07-25,1021,2003,7,3
1996-07-24,1022,1996,7,3
2013-12-24,1023,2013,12,4
1992-07-01,1024,1992,7,3
2016-05-13,1025,2016,5,2
2010-09-30,1026,2010,9,3
2009-02-06,1027,2009,2,1
2006-04-13,1028,2006,4,2
2000-02-03,1029,2000,2,1
1990-05-25,1030,1990,5,2
2015-03-26,1031,2015,3,1
1992-11-13,1032,1992,11,4
2009-08-06,1033,2009,8,3
2013-04-12,1034,2013,4,2
1999-12-25,1035,1999,12,4
2014-11-12,1036,2014,11,4
2006-02-17,1037,2006,2,1
2016-01-14,1038,2016,1,1
1992-09-25,1039,1992,9,3
2004-10-29,1040,2004,10,4
2005-04-01,1041,2005,4,2
2008-02-01,1042,2008,2,1
2009-03-20,1043,2009,3,1
1991-12-20,1044,1991,12,4
2006-01-26,1045,2006,1,1
2009-03-11,1046,2009,3,1
2009-08-26,1047,2009,8,3
2015-10-15,1048,2015,10,4
2001-11-17,1049,2001,11,4
2004-10-15,1050,2004,10,4
1997-07-31,1051,1997,7,3
2002-01-23,1052,2002,1,1
2011-03-17,1053,2011,3,1
2011-02-16,1054,2011,2,1
2006-10-19,1055,2006,10,4
2014-11-26,1056,2014,11,4
2013-02-14,1057,2013,2,1
1987-06-29,1058,1987,6,2
2010-07-03,1059,2010,7,3
1986-06-18,1060,1986,6,2
2004-03-12,1061,2004,3,1
2006-06-16,1062,2006,6,2
2005-07-29,1063,2005,7,3
2012-08-15,1064,2012,8,3
2008-05-02,1065,2008,5,2
1997-12-03,1066,1997,12,4
1992-02-07,1067,1992,2,1
1994-12-19,1068,1994,12,4
2000-08-11,1069,2000,8,3
2007-02-09,1070,2007,2,1
2011-02-14,1071,2011,2,1
2011-04-11,1072,2011,4,2
1999-02-26,1073,1999,2,1
1991-03-01,1074,1991,3,1
2014-07-17,1075,2014,7,3
2000-02-16,1076,2000,2,1
2011-08-12,1077,2011,8,3
1999-08-16,1078,1999,8,3
2000-10-12,1079,2000,10,4
2008-03-20,1080,2008,3,1
2014-05-22,1081,2014,5,2
2011-12-24,1082,2011,12,4
2010-01-12,1083,2010,1,1
2005-11-09,1084,2005,11,4
2000-08-23,1085,2000,8,3
1999-04-02,1086,1999,4,2
1996-08-23,1087,1996,8,3
2001-09-07,1088,2001,9,3
2001-02-16,1089,2001,2,1
2007-04-05,1090,2007,4,2
1973-10-02,1091,1973,10,4
1994-06-03,1092,1994,6,2
2011-07-27,1093,2011,7,3
1998-05-15,1094,1998,5,2
2002-09-06,1095,2002,9,3
1999-01-15,1096,1999,1,1
1996-02-16,1097,1996,2,1
1995-09-22,1098,1995,9,3
1995-04-21,1099,1995,4,2
2012-09-09,1100,2012,9,3
1987-05-15,1101,1987,5,2
2009-10-23,1102,2009,10,4
2002-04-26,1103,2002,4,2
1992-02-28,1104,1992,2,1
2001-04-25,1105,2001,4,2
2004-05-01,1106,2004,5,2
2004-10-22,1107,2004,10,4
2012-02-02,1108,2012,2,1
1999-03-12,1109,1999,3,1
2008-11-07,1110,2008,11,4
1980-01-01,1111,1980,1,1
1999-08-05,1112,1999,8,3
2009-09-08,1113,2009,9,3
2001-12-03,1114,2001,12,4
2002-11-27,1115,2002,11,4
2001-04-06,1116,2001,4,2
2008-12-12,1117,2008,12,4
2015-02-16,1118,2015,2,1
2007-04-12,1119,2007,4,2
1995-09-14,1120,1995,9,3
2007-09-03,1121,2007,9,3
1994-03-11,1122,1994,3,1
2007-12-12,1123,2007,12,4
2005-07-17,1124,2005,7,3
2013-08-01,1125,2013,8,3
2011-10-12,1126,2011,10,4
2004-09-24,1127,2004,9,3
1994-05-11,1128,1994,5,2
2015-07-10,1129,2015,7,3
2009-08-14,1130,2009,8,3
2007-02-02,1131,2007,2,1
2012-10-04,1132,2012,10,4
2005-08-25,1133,2005,8,3
2004-02-20,1134,2004,2,1
1983-06-17,1135,1983,6,2
2002-09-26,1136,2002,9,3
2009-07-24,1137,2009,7,3
1996-03-29,1138,1996,3,1
2002-08-07,1139,2002,8,3
1994-11-17,1140,1994,11,4
2013-01-08,1141,2013,1,1
2011-03-15,1142,2011,3,1
2014-05-20,1143,2014,5,2
2001-03-23,1144,2001,3,1
2015-04-16,1145,2015,4,2
2001-05-15,1146,2001,5,2
1999-08-24,1147,1999,8,3
1996-09-27,1148,1996,9,3
2001-09-04,1149,2001,9,3
2009-11-06,1150,2009,11,4
1982-06-25,1151,1982,6,2
2013-09-02,1152,2013,9,3
1997-10-31,1153,1997,10,4
2001-11-30,1154,2001,11,4
2008-10-07,1155,2008,10,4
2007-12-17,1156,2007,12,4
2015-11-25,1157,2015,11,4
2010-09-15,1158,2010,9,3
2012-05-17,1159,2012,5,2
2008-09-05,1160,2008,9,3
2008-04-03,1161,2008,4,2
1999-12-08,1162,1999,12,4
2010-02-26,1163,2010,2,1
2016-01-21,1164,2016,1,1
2008-11-20,1165,2008,11,4
1997-05-02,1166,1997,5,2
1983-10-07,1167,1983,10,4
2010-03-26,1168,2010,3,1
2014-09-12,1169,2014,9,3
2000-02-25,1170,2000,2,1
2003-04-04,1171,2003,4,2
1996-12-20,1172,1996,12,4
2011-01-28,1173,2011,1,1
1997-09-07,1174,1997,9,3
2000-01-28,1175,2000,1,1
2008-07-17,1176,2008,7,3
2003-01-01,1177,2003,1,1
2015-12-19,1178,2015,12,4
1999-06-08,1179,1999,6,2
1989-06-23,1180,1989,6,2
2011-03-25,1181,2011,3,1
1992-05-15,1182,1992,5,2
2009-11-20,1183,2009,11,4
2001-03-18,1184,2001,3,1
2011-07-08,1185,2011,7,3
2010-12-22,1186,2010,12,4
2006-06-30,1187,2006,6,2
1979-12-06,1188,1979,12,4
2013-02-07,1189,2013,2,1
1991-11-15,1190,1991,11,4
2008-03-27,1191,2008,3,1
2015-07-17,1192,2015,7,3
2005-03-25,1193,2005,3,1
1996-11-14,1194,1996,11,4
1997-09-19,1195,1997,9,3
1997-09-10,1196,1997,9,3
1984-11-14,1197,1984,11,4
2000-08-17,1198,2000,8,3
1998-03-12,1199,1998,3,1
2010-08-20,1200,2010,8,3
2007-03-23,1201,2007,3,1
2011-07-21,1202,2011,7,3
2016-05-04,1203,2016,5,2
2013-11-16,1204,2013,11,4
1992-11-18,1205,1992,11,4
2009-11-24,1206,2009,11,4
2009-01-22,1207,2009,1,1
2007-07-04,1208,2007,7,3
2006-04-07,1209,2006,4,2
2005-07-21,1210,2005,7,3
1997-02-27,1211,1997,2,1
2002-03-15,1212,2002,3,1
1982-06-04,1213,1982,6,2
2004-03-25,1214,2004,3,1
2008-10-15,1215,2008,10,4
2011-10-27,1216,2011,10,4
2010-04-23,1217,2010,4,2
2001-11-21,1218,2001,11,4
1976-04-07,1219,1976,4,2
1994-12-22,1220,1994,12,4
2002-09-24,1221,2002,9,3
2006-12-01,1222,2006,12,4
2005-04-30,1223,2005,4,2
2004-12-01,1224,2004,12,4
2011-11-09,1225,2011,11,4
2008-08-15,1226,2008,8,3
2002-02-10,1227,2002,2,1
1990-11-20,1228,1990,11,4
2008-01-22,1229,2008,1,1
1999-02-12,1230,1999,2,1
1980-09-01,1231,1980,9,3
2012-10-18,1232,2012,10,4
1997-11-21,1233,1997,11,4
2015-11-13,1234,2015,11,4
1992-12-25,1235,1992,12,4
2008-07-24,1236,2008,7,3
2004-04-09,1237,2004,4,2
2015-11-12,1238,2015,11,4
2000-02-22,1239,2000,2,1
2013-01-18,1240,2013,1,1
2012-08-24,1241,2012,8,3
2015-05-08,1242,2015,5,2
2002-09-08,1243,2002,9,3
2013-01-23,1244,2013,1,1
2004-09-13,1245,2004,9,3
2010-04-02,1246,2010,4,2
2012-09-05,1247,2012,9,3
1983-07-29,1248,1983,7,3
2007-10-22,1249,2007,10,4
1991-01-18,1250,1991,1,1
2007-12-21,1251,2007,12,4
2009-03-04,1252,2009,3,1
2009-09-09,1253,2009,9,3
2011-05-18,1254,2011,5,2
1998-09-04,1255,1998,9,3
2014-03-28,1256,2014,3,1
2003-09-05,1257,2003,9,3
2008-12-05,1258,2008,12,4
2006-08-11,1259,2006,8,3
2006-09-09,1260,2006,9,3
1992-02-21,1261,1992,2,1
1993-02-05,1262,1993,2,1
1997-02-13,1263,1997,2,1
2002-11-06,1264,2002,11,4
1981-04-17,1265,1981,4,2
1995-09-20,1266,1995,9,3
2010-10-20,1267,2010,10,4
2015-03-05,1268,2015,3,1
1993-09-17,1269,1993,9,3
2006-09-06,1270,2006,9,3
1999-09-01,1271,1999,9,3
2008-07-19,1272,2008,7,3
2015-04-09,1273,2015,4,2
1999-08-26,1274,1999,8,3
2000-05-05,1275,2000,5,2
2012-11-29,1276,2012,11,4
1981-12-25,1277,1981,12,4
1992-12-11,1278,1992,12,4
2000-05-31,1279,2000,5,2
2006-08-06,1280,2006,8,3
2000-09-08,1281,2000,9,3
2004-04-15,1282,2004,4,2
2005-06-06,1283,2005,6,2
2012-04-16,1284,2012,4,2
1999-04-23,1285,1999,4,2
1983-05-23,1286,1983,5,2
2008-03-14,1287,2008,3,1
2012-02-23,1288,2012,2,1
2003-10-09,1289,2003,10,4
1996-07-05,1290,1996,7,3
2002-01-18,1291,2002,1,1
1988-11-22,1292,1988,11,4
2011-04-28,1293,2011,4,2
1999-09-10,1294,1999,9,3
2000-09-13,1295,2000,9,3
2010-08-26,1296,2010,8,3
2013-04-25,1297,2013,4,2
1993-01-15,1298,1993,1,1
2007-02-23,1299,2007,2,1
2013-10-16,1300,2013,10,4
1979-12-13,1301,1979,12,4
2005-09-10,1302,2005,9,3
2005-08-02,1303,2005,8,3
1995-02-09,1304,1995,2,1
2004-04-04,1305,2004,4,2
1999-10-22,1306,1999,10,4
2010-03-18,1307,2010,3,1
2007-02-08,1308,2007,2,1
1996-09-06,1309,1996,9,3
2013-03-14,1310,2013,3,1
1997-03-26,1311,1997,3,1
2004-03-28,1312,2004,3,1
1979-08-15,1313,1979,8,3
2010-09-01,1314,2010,9,3
1995-12-29,1315,1995,12,4
2016-04-14,1316,2016,4,2
1985-12-20,1317,1985,12,4
2012-11-02,1318,2012,11,4
1979-06-26,1319,1979,6,2
2014-02-26,1320,2014,2,1
1990-08-09,1321,1990,8,3
2015-07-28,1322,2015,7,3
1995-10-20,1323,1995,10,4
2002-12-26,1324,2002,12,4
1999-06-25,1325,1999,6,2
2001-08-10,1326,2001,8,3
1995-10-30,1327,1995,10,4
1994-06-09,1328,1994,6,2
2012-02-05,1329,2012,2,1
2010-01-21,1330,2010,1,1
2000-09-29,1331,2000,9,3
1990-03-02,1332,1990,3,1
2013-08-16,1333,2013,8,3
2004-06-18,1334,2004,6,2
1991-11-22,1335,1991,11,4
1995-11-10,1336,1995,11,4
1996-09-20,1337,1996,9,3
2009-08-05,1338,2009,8,3
2004-11-14,1339,2004,11,4
2003-10-07,1340,2003,10,4
2004-12-15,1341,2004,12,4
1999-03-05,1342,1999,3,1
2008-01-10,1343,2008,1,1
2009-04-10,1344,2009,4,2
2000-09-14,1345,2000,9,3
1991-12-25,1346,1991,12,4
1994-12-16,1347,1994,12,4
2009-09-05,1348,2009,9,3
2012-09-26,1349,2012,9,3
1995-07-18,1350,1995,7,3
2012-08-07,1351,2012,8,3
2008-04-17,1352,2008,4,2
2005-08-11,1353,2005,8,3
2008-04-23,1354,2008,4,2
1998-05-29,1355,1998,5,2
2009-01-09,1356,2009,1,1
2004-04-13,1357,2004,4,2
2011-05-11,1358,2011,5,2
2014-01-17,1359,2014,1,1
2001-04-04,1360,2001,4,2
1999-02-22,1361,1999,2,1
1989-06-09,1362,1989,6,2
1994-03-18,1363,1994,3,1
1985-05-24,1364,1985,5,2
2005-09-04,1365,2005,9,3
2007-11-15,1366,2007,11,4
2005-01-06,1367,2005,1,1
2007-08-29,1368,2007,8,3
2010-05-14,1369,2010,5,2
1989-09-22,1370,1989,9,3
2012-04-13,1371,2012,4,2
2005-09-09,1372,2005,9,3
2015-09-17,1373,2015,9,3
2015-06-15,1374,2015,6,2
2003-09-19,1375,2003,9,3
2010-08-04,1376,2010,8,3
2002-08-08,1377,2002,8,3
2007-10-17,1378,2007,10,4
2012-04-12,1379,2012,4,2
2008-01-24,1380,2008,1,1
1988-07-20,1381,1988,7,3
1987-11-13,1382,1987,11,4
1986-12-19,1383,1986,12,4
2011-04-07,1384,2011,4,2
2011-06-30,1385,2011,6,2
2006-03-17,1386,2006,3,1
2001-05-31,1387,2001,5,2
2009-08-19,1388,2009,8,3
2011-04-13,1389,2011,4,2
2003-06-13,1390,2003,6,2
2014-08-01,1391,2014,8,3
1998-09-18,1392,1998,9,3
1995-08-04,1393,1995,8,3
2014-07-01,1394,2014,7,3
2011-02-03,1395,2011,2,1
2012-04-27,1396,2012,4,2
2004-06-15,1397,2004,6,2
2010-11-18,1398,2010,11,4
2006-03-03,1399,2006,3,1
2005-01-19,1400,2005,1,1
1998-02-06,1401,1998,2,1
2002-07-17,1402,2002,7,3
2010-11-22,1403,2010,11,4
2007-02-14,1404,2007,2,1
2005-02-12,1405,2005,2,1
2009-10-06,1406,2009,10,4
1986-08-01,1407,1986,8,3
2008-09-09,1408,2008,9,3
2003-06-16,1409,2003,6,2
2004-09-03,1410,2004,9,3
2011-08-18,1411,2011,8,3
1999-03-11,1412,1999,3,1
2013-01-12,1413,2013,1,1
2004-04-30,1414,2004,4,2
2004-01-09,1415,2004,1,1
2011-04-29,1416,2011,4,2
2009-10-01,1417,2009,10,4
2010-10-26,1418,2010,10,4
2013-09-24,1419,2013,9,3
2001-01-12,1420,2001,1,1
1989-12-15,1421,1989,12,4
1984-02-16,1422,1984,2,1
2013-03-08,1423,2013,3,1
2003-04-03,1424,2003,4,2
2005-08-16,1425,2005,8,3
2006-12-03,1426,2006,12,4
2005-12-15,1427,2005,12,4
2006-09-07,1428,2006,9,3
2007-09-02,1429,2007,9,3
2011-07-03,1430,2011,7,3
2009-09-30,1431,2009,9,3
2015-01-14,1432,2015,1,1
2010-10-07,1433,2010,10,4
2007-02-11,1434,2007,2,1
2014-06-19,1435,2014,6,2
2014-05-14,1436,2014,5,2
2002-09-02,1437,2002,9,3
2016-07-11,1438,2016,7,3
2015-05-07,1439,2015,5,2
2005-09-13,1440,2005,9,3
2000-04-14,1441,2000,4,2
1997-12-05,1442,1997,12,4
2002-12-30,1443,2002,12,4
2002-08-20,1444,2002,8,3
1987-11-05,1445,1987,11,4
2004-11-11,1446,2004,11,4
1992-11-25,1447,1992,11,4
1984-05-23,1448,1984,5,2
2016-05-06,1449,2016,5,2
2003-09-11,1450,2003,9,3
1988-07-15,1451,1988,7,3
2008-02-03,1452,2008,2,1
2004-02-06,1453,2004,2,1
2004-03-19,1454,2004,3,1
2001-01-26,1455,2001,1,1
2013-09-07,1456,2013,9,3
2003-04-25,1457,2003,4,2
2013-10-31,1458,2013,10,4
1981-06-23,1459,1981,6,2
1994-09-15,1460,1994,9,3
1993-07-16,1461,1993,7,3
2010-03-22,1462,2010,3,1
2011-08-11,1463,2011,8,3
1995-04-13,1464,1995,4,2
2014-02-14,1465,2014,2,1
2007-05-25,1466,2007,5,2
2000-10-13,1467,2000,10,4
2001-12-12,1468,2001,12,4
1999-10-01,1469,1999,10,4
2010-01-15,1470,2010,1,1
2001-08-24,1471,2001,8,3
2015-09-11,1472,2015,9,3
2016-02-04,1473,2016,2,1
2008-10-02,1474,2008,10,4
2013-07-17,1475,2013,7,3
2006-09-01,1476,2006,9,3
2014-04-22,1477,2014,4,2
1983-06-05,1478,1983,6,2
2007-06-01,1479,2007,6,2
2009-06-26,1480,2009,6,2
2008-02-08,1481,2008,2,1
2007-09-07,1482,2007,9,3
1991-12-05,1483,1991,12,4
1997-10-03,1484,1997,10,4
1980-06-17,1485,1980,6,2
2008-08-06,1486,2008,8,3
1999-07-15,1487,1999,7,3
2006-02-24,1488,2006,2,1
1983-10-20,1489,1983,10,4
2011-10-21,1490,2011,10,4
1984-04-05,1491,1984,4,2
1998-02-27,1492,1998,2,1
1985-06-21,1493,1985,6,2
1998-03-26,1494,1998,3,1
2009-08-13,1495,2009,8,3
2004-08-27,1496,2004,8,3
2016-05-12,1497,2016,5,2
1999-11-26,1498,1999,11,4
2004-05-07,1499,2004,5,2
2008-10-17,1500,2008,10,4
2009-01-15,1501,2009,1,1
2003-08-03,1502,2003,8,3
1998-12-11,1503,1998,12,4
2014-09-18,1504,2014,9,3
1990-12-21,1505,1990,12,4
1998-07-31,1506,1998,7,3
2003-08-29,1507,2003,8,3
1977-06-15,1508,1977,6,2
2005-08-04,1509,2005,8,3
2003-01-31,1510,2003,1,1
2000-08-30,1511,2000,8,3
2004-12-29,1512,2004,12,4
2002-03-17,1513,2002,3,1
1985-07-10,1514,1985,7,3
2009-01-27,1515,2009,1,1
2004-12-03,1516,2004,12,4
2011-12-08,1517,2011,12,4
2012-03-09,1518,2012,3,1
2004-02-24,1519,2004,2,1
1994-11-29,1520,1994,11,4
1996-10-03,1521,1996,10,4
1997-07-18,1522,1997,7,3
2001-08-05,1523,2001,8,3
2015-02-10,1524,2015,2,1
1996-05-17,1525,1996,5,2
2005-08-31,1526,2005,8,3
2004-02-25,1527,2004,2,1
1993-11-24,1528,1993,11,4
1988-12-11,1529,1988,12,4
2008-02-18,1530,2008,2,1
2014-10-16,1531,2014,10,4
1993-11-29,1532,1993,11,4
2011-08-09,1533,2011,8,3
2013-10-11,1534,2013,10,4
2004-03-24,1535,2004,3,1
2014-09-06,1536,2014,9,3
2008-01-15,1537,2008,1,1
1991-03-22,1538,1991,3,1
1987-06-02,1539,1987,6,2
2007-11-08,1540,2007,11,4
2014-01-07,1541,2014,1,1
2001-04-13,1542,2001,4,2
2011-01-21,1543,2011,1,1
1993-12-25,1544,1993,12,4
2000-03-20,1545,2000,3,1
1976-06-06,1546,1976,6,2
2012-04-19,1547,2012,4,2
2004-10-17,1548,2004,10,4
2013-12-13,1549,2013,12,4
2005-01-27,1550,2005,1,1
2004-07-09,1551,2004,7,3
1990-09-12,1552,1990,9,3
2003-03-14,1553,2003,3,1
2005-10-21,1554,2005,10,4
1983-12-08,1555,1983,12,4
1987-10-21,1556,1987,10,4
2012-01-12,1557,2012,1,1
2007-12-28,1558,2007,12,4
2002-12-20,1559,2002,12,4
2005-06-01,1560,2005,6,2
2001-07-06,1561,2001,7,3
2014-05-09,1562,2014,5,2
2014-08-11,1563,2014,8,3
2003-03-27,1564,2003,3,1
2007-09-21,1565,2007,9,3
2003-02-28,1566,2003,2,1
2002-12-27,1567,2002,12,4
2004-08-26,1568,2004,8,3
2013-08-22,1569,2013,8,3
2007-11-21,1570,2007,11,4
1998-09-13,1571,1998,9,3
1970-01-26,1572,1970,1,1
2011-12-09,1573,2011,12,4
2009-05-22,1574,2009,5,2
1994-09-23,1575,1994,9,3
2001-04-12,1576,2001,4,2
2013-12-26,1577,2013,12,4
2005-04-22,1578,2005,4,2
2016-02-26,1579,2016,2,1
1998-05-01,1580,1998,5,2
1994-10-01,1581,1994,10,4
2010-02-04,1582,2010,2,1
2010-11-06,1583,2010,11,4
2007-08-24,1584,2007,8,3
2002-10-25,1585,2002,10,4
2002-11-15,1586,2002,11,4
1988-04-01,1587,1988,4,2
1996-07-26,1588,1996,7,3
2008-04-02,1589,2008,4,2
2010-10-08,1590,2010,10,4
1996-09-13,1591,1996,9,3
2002-09-13,1592,2002,9,3
2011-09-02,1593,2011,9,3
2014-04-11,1594,2014,4,2
1985-06-20,1595,1985,6,2
2010-09-10,1596,2010,9,3
2005-06-03,1597,2005,6,2
2015-08-06,1598,2015,8,3
1986-05-30,1599,1986,5,2
2012-10-29,1600,2012,10,4
2011-09-09,1601,2011,9,3
1996-10-25,1602,1996,10,4
1993-10-08,1603,1993,10,4
2008-03-28,1604,2008,3,1
2002-10-14,1605,2002,10,4
1999-08-13,1606,1999,8,3
2012-08-30,1607,2012,8,3
1996-04-19,1608,1996,4,2
2011-09-16,1609,2011,9,3
2006-10-14,1610,2006,10,4
1991-05-17,1611,1991,5,2
2009-11-25,1612,2009,11,4
1984-08-17,1613,1984,8,3
2005-09-02,1614,2005,9,3
2001-03-12,1615,2001,3,1
2005-10-12,1616,2005,10,4
1995-03-31,1617,1995,3,1
2008-05-14,1618,2008,5,2
2005-10-22,1619,2005,10,4
2005-10-07,1620,2005,10,4
1998-09-11,1621,1998,9,3
2013-01-01,1622,2013,1,1
2009-09-11,1623,2009,9,3
2013-10-25,1624,2013,10,4
1970-10-26,1625,1970,10,4
2014-10-31,1626,2014,10,4
2014-03-12,1627,2014,3,1
1988-12-16,1628,1988,12,4
2012-05-22,1629,2012,5,2
1986-11-25,1630,1986,11,4
2006-12-20,1631,2006,12,4
1997-12-09,1632,1997,12,4
2016-01-01,1633,2016,1,1
2014-06-20,1634,2014,6,2
2000-02-18,1635,2000,2,1
1984-02-17,1636,1984,2,1
1991-09-09,1637,1991,9,3
1998-11-13,1638,1998,11,4
2000-04-07,1639,2000,4,2
2008-09-18,1640,2008,9,3
1999-12-21,1641,1999,12,4
2004-01-23,1642,2004,1,1
1978-10-24,1643,1978,10,4
1998-03-27,1644,1998,3,1
1993-09-23,1645,1993,9,3
2004-01-01,1646,2004,1,1
2009-10-07,1647,2009,10,4
1980-05-17,1648,1980,5,2
1995-04-07,1649,1995,4,2
1991-06-28,1650,1991,6,2
2000-03-16,1651,2000,3,1
2011-09-24,1652,2011,9,3
2001-03-30,1653,2001,3,1
2013-12-05,1654,2013,12,4
1999-11-12,1655,1999,11,4
2000-08-21,1656,2000,8,3
2011-11-06,1657,2011,11,4
1987-07-17,1658,1987,7,3
1996-12-18,1659,1996,12,4
1999-12-03,1660,1999,12,4
1991-08-23,1661,1991,8,3
2007-08-31,1662,2007,8,3
2009-04-22,1663,2009,4,2
2015-09-16,1664,2015,9,3
2009-02-10,1665,2009,2,1
2004-09-01,1666,2004,9,3
2009-12-18,1667,2009,12,4
2007-07-12,1668,2007,7,3
1987-06-24,1669,1987,6,2
1990-07-12,1670,1990,7,3
1998-07-15,1671,1998,7,3
1994-11-10,1672,1994,11,4
2002-03-25,1673,2002,3,1
2007-09-28,1674,2007,9,3
1995-05-28,1675,1995,5,2
2001-06-01,1676,2001,6,2
1982-11-30,1677,1982,11,4
2014-02-28,1678,2014,2,1
2005-11-11,1679,2005,11,4
2009-09-18,1680,2009,9,3
2005-08-06,1681,2005,8,3
2016-05-05,1682,2016,5,2
2001-02-09,1683,2001,2,1
2012-08-02,1684,2012,8,3
1999-07-02,1685,1999,7,3
2001-08-22,1686,2001,8,3
2001-09-14,1687,2001,9,3
2016-02-05,1688,2016,2,1
1993-04-17,1689,1993,4,2
1970-01-01,1690,1970,1,1
2015-09-03,1691,2015,9,3
2004-09-16,1692,2004,9,3
2012-08-22,1693,2012,8,3
2008-01-17,1694,2008,1,1
2014-09-03,1695,2014,9,3
1977-06-24,1696,1977,6,2
2007-01-31,1697,2007,1,1
1999-03-19,1698,1999,3,1
2012-04-20,1699,2012,4,2
1982-06-13,1700,1982,6,2
1999-06-30,1701,1999,6,2
1993-03-17,1702,1993,3,1
2012-09-08,1703,2012,9,3
2007-01-05,1704,2007,1,1
2010-11-05,1705,2010,11,4
2002-10-02,1706,2002,10,4
2008-03-04,1707,2008,3,1
2008-08-01,1708,2008,8,3
2002-09-09,1709,2002,9,3
2011-02-11,1710,2011,2,1
1982-07-23,1711,1982,7,3
1999-04-14,1712,1999,4,2
1981-06-12,1713,1981,6,2
1992-11-19,1714,1992,11,4
1977-11-16,1715,1977,11,4
1987-05-18,1716,1987,5,2
1991-02-01,1717,1991,2,1
1992-02-14,1718,1992,2,1
1978-06-16,1719,1978,6,2
2008-10-03,1720,2008,10,4
2005-01-20,1721,2005,1,1
2014-07-02,1722,2014,7,3
1995-08-18,1723,1995,8,3
2004-06-23,1724,2004,6,2
2010-03-31,1725,2010,3,1
2013-10-18,1726,2013,10,4
1990-12-05,1727,1990,12,4
1971-10-09,1728,1971,10,4
2016-07-28,1729,2016,7,3
2002-02-14,1730,2002,2,1
2005-02-04,1731,2005,2,1
2015-06-26,1732,2015,6,2
2007-01-25,1733,2007,1,1
2015-11-06,1734,2015,11,4
2008-09-19,1735,2008,9,3
2006-10-13,1736,2006,10,4
1998-08-14,1737,1998,8,3
1991-07-19,1738,1991,7,3
2006-10-09,1739,2006,10,4
1979-12-18,1740,1979,12,4
2010-08-31,1741,2010,8,3
2010-08-18,1742,2010,8,3
2006-09-08,1743,2006,9,3
2008-11-27,1744,2008,11,4
2004-10-10,1745,2004,10,4
2013-01-03,1746,2013,1,1
1995-10-27,1747,1995,10,4
2013-04-11,1748,2013,4,2
1969-10-15,1749,1969,10,4
2016-02-19,1750,2016,2,1
2011-11-04,1751,2011,11,4
2010-04-11,1752,2010,4,2
2008-01-04,1753,2008,1,1
1996-01-12,1754,1996,1,1
2010-09-24,1755,2010,9,3
2008-04-10,1756,2008,4,2
2007-06-15,1757,2007,6,2
2009-01-06,1758,2009,1,1
2011-07-01,1759,2011,7,3
2006-03-24,1760,2006,3,1
1990-10-17,1761,1990,10,4
2010-09-17,1762,2010,9,3
2009-08-21,1763,2009,8,3
1995-05-20,1764,1995,5,2
2008-09-12,1765,2008,9,3
1998-04-15,1766,1998,4,2
1960-06-16,1767,1960,6,2
2014-02-12,1768,2014,2,1
2007-05-11,1769,2007,5,2
1981-07-31,1770,1981,7,3
1985-03-27,1771,1985,3,1
2007-09-11,1772,2007,9,3
2012-10-10,1773,2012,10,4
1996-01-19,1774,1996,1,1
2005-02-11,1775,2005,2,1
1995-11-02,1776,1995,11,4
2004-02-10,1777,2004,2,1
2007-10-14,1778,2007,10,4
2003-09-06,1779,2003,9,3
2009-09-06,1780,2009,9,3
1965-02-15,1781,1965,2,1
2015-10-14,1782,2015,10,4
2008-08-29,1783,2008,8,3
2009-12-04,1784,2009,12,4
2009-04-16,1785,2009,4,2
1994-10-14,1786,1994,10,4
2002-11-22,1787,2002,11,4
2002-08-23,1788,2002,8,3
2010-10-01,1789,2010,10,4
1994-05-06,1790,1994,5,2
2008-01-20,1791,2008,1,1
1997-08-26,1792,1997,8,3
2015-10-02,1793,2015,10,4
2005-09-08,1794,2005,9,3
1969-01-01,1795,1969,1,1
2013-09-21,1796,2013,9,3
2013-09-12,1797,2013,9,3
1999-09-03,1798,1999,9,3
2015-04-23,1799,2015,4,2
2006-05-25,1800,2006,5,2
2005-01-28,1801,2005,1,1
2004-09-08,1802,2004,9,3
2014-12-30,1803,2014,12,4
2008-09-07,1804,2008,9,3
2007-10-01,1805,2007,10,4
2008-10-24,1806,2008,10,4
1997-07-12,1807,1997,7,3
2003-04-16,1808,2003,4,2
1980-06-20,1809,1980,6,2
2003-08-22,1810,2003,8,3
2000-04-27,1811,2000,4,2
2012-08-29,1812,2012,8,3
2004-07-17,1813,2004,7,3
2005-01-01,1814,2005,1,1
2010-12-03,1815,2010,12,4
1994-09-09,1816,1994,9,3
1998-02-11,1817,1998,2,1
2011-03-16,1818,2011,3,1
2002-11-21,1819,2002,11,4
2015-10-01,1820,2015,10,4
2007-07-27,1821,2007,7,3
2012-06-05,1822,2012,6,2
2014-07-11,1823,2014,7,3
2016-08-26,1824,2016,8,3
2015-05-21,1825,2015,5,2
2008-09-24,1826,2008,9,3
1990-11-09,1827,1990,11,4
2011-05-16,1828,2011,5,2
1989-09-15,1829,1989,9,3
2004-07-10,1830,2004,7,3
2001-10-26,1831,2001,10,4
1980-05-22,1832,1980,5,2
1985-07-03,1833,1985,7,3
1999-10-29,1834,1999,10,4
2016-07-22,1835,2016,7,3
2010-05-11,1836,2010,5,2
2003-01-09,1837,2003,1,1
2000-07-26,1838,2000,7,3
2001-07-20,1839,2001,7,3
1984-05-04,1840,1984,5,2
2013-11-08,1841,2013,11,4
2008-10-16,1842,2008,10,4
2010-01-08,1843,2010,1,1
1964-03-24,1844,1964,3,1
2011-03-04,1845,2011,3,1
2012-09-28,1846,2012,9,3
2005-04-15,1847,2005,4,2
2005-06-24,1848,2005,6,2
2013-03-10,1849,2013,3,1
1998-05-22,1850,1998,5,2
2009-09-13,1851,2009,9,3
2014-05-08,1852,2014,5,2
1994-07-29,1853,1994,7,3
1988-06-03,1854,1988,6,2
2006-11-01,1855,2006,11,4
1984-05-31,1856,1984,5,2
2014-10-03,1857,2014,10,4
2004-01-20,1858,2004,1,1
1987-06-11,1859,1987,6,2
1984-10-26,1860,1984,10,4
2003-04-30,1861,2003,4,2
2001-11-07,1862,2001,11,4
1986-10-05,1863,1986,10,4
2014-08-27,1864,2014,8,3
2013-07-25,1865,2013,7,3
2006-04-28,1866,2006,4,2
2003-11-24,1867,2003,11,4
1996-05-24,1868,1996,5,2
1980-02-08,1869,1980,2,1
1970-06-24,1870,1970,6,2
1984-06-29,1871,1984,6,2
1980-11-14,1872,1980,11,4
1985-12-04,1873,1985,12,4
2009-01-01,1874,2009,1,1
2000-05-12,1875,2000,5,2
2001-10-25,1876,2001,10,4
2015-10-09,1877,2015,10,4
2009-07-10,1878,2009,7,3
1981-08-20,1879,1981,8,3
2001-02-11,1880,2001,2,1
1981-07-24,1881,1981,7,3
2013-08-29,1882,2013,8,3
1997-09-27,1883,1997,9,3
2014-07-20,1884,2014,7,3
1989-03-22,1885,1989,3,1
1986-02-14,1886,1986,2,1
1981-06-26,1887,1981,6,2
1994-09-27,1888,1994,9,3
2013-12-27,1889,2013,12,4
2008-09-04,1890,2008,9,3
1996-12-25,1891,1996,12,4
2016-02-18,1892,2016,2,1
2003-08-27,1893,2003,8,3
2009-05-21,1894,2009,5,2
2016-05-03,1895,2016,5,2
1986-11-21,1896,1986,11,4
2002-01-01,1897,2002,1,1
2013-09-25,1898,2013,9,3
2008-11-05,1899,2008,11,4
2009-05-14,1900,2009,5,2
1999-08-02,1901,1999,8,3
1985-07-19,1902,1985,7,3
2006-03-16,1903,2006,3,1
1985-04-09,1904,1985,4,2
2012-03-02,1905,2012,3,1
2009-02-16,1906,2009,2,1
2014-08-28,1907,2014,8,3
2005-12-16,1908,2005,12,4
2004-09-11,1909,2004,9,3
2014-08-22,1910,2014,8,3
2001-08-02,1911,2001,8,3
1986-07-18,1912,1986,7,3
1964-10-21,1913,1964,10,4
2014-08-13,1914,2014,8,3
2006-08-25,1915,2006,8,3
1978-10-25,1916,1978,10,4
2010-10-21,1917,2010,10,4
1998-10-01,1918,1998,10,4
2015-02-20,1919,2015,2,1
2006-03-31,1920,2006,3,1
2002-11-01,1921,2002,11,4
1963-05-06,1922,1963,5,2
2013-04-05,1923,2013,4,2
2006-03-04,1924,2006,3,1
1987-07-23,1925,1987,7,3
2008-01-25,1926,2008,1,1
2006-01-06,1927,2006,1,1
1986-08-29,1928,1986,8,3
2006-08-18,1929,2006,8,3
1981-11-12,1930,1981,11,4
2014-10-11,1931,2014,10,4
2006-05-15,1932,2006,5,2
2008-03-19,1933,2008,3,1
1977-09-10,1934,1977,9,3
2012-08-23,1935,2012,8,3
1991-11-27,1936,1991,11,4
2006-08-30,1937,2006,8,3
1987-12-10,1938,1987,12,4
1995-12-13,1939,1995,12,4
1989-06-02,1940,1989,6,2
1989-07-21,1941,1989,7,3
1982-12-08,1942,1982,12,4
2011-05-15,1943,2011,5,2
2012-05-16,1944,2012,5,2
2006-10-06,1945,2006,10,4
2016-03-10,1946,2016,3,1
2006-05-27,1947,2006,5,2
2001-03-02,1948,2001,3,1
2001-06-27,1949,2001,6,2
2011-02-04,1950,2011,2,1
2001-04-10,1951,2001,4,2
1991-08-10,1952,1991,8,3
2002-10-11,1953,2002,10,4
1987-01-30,1954,1987,1,1
2010-03-12,1955,2010,3,1
1988-12-09,1956,1988,12,4
1993-12-22,1957,1993,12,4
1999-04-16,1958,1999,4,2
1979-10-19,1959,1979,10,4
2000-09-09,1960,2000,9,3
2002-05-03,1961,2002,5,2
1986-03-07,1962,1986,3,1
2007-09-26,1963,2007,9,3
2005-10-30,1964,2005,10,4
2013-03-27,1965,2013,3,1
2004-05-28,1966,2004,5,2
2008-01-09,1967,2008,1,1
2009-05-05,1968,2009,5,2
2012-08-25,1969,2012,8,3
2009-06-13,1970,2009,6,2
2013-12-04,1971,2013,12,4
2014-05-18,1972,2014,5,2
2002-05-20,1973,2002,5,2
2001-01-23,1974,2001,1,1
2005-09-12,1975,2005,9,3
2001-10-31,1976,2001,10,4
1984-11-29,1977,1984,11,4
1987-11-27,1978,1987,11,4
1982-12-16,1979,1982,12,4
1986-05-16,1980,1986,5,2
2000-10-01,1981,2000,10,4
1999-09-15,1982,1999,9,3
2010-09-06,1983,2010,9,3
2008-12-17,1984,2008,12,4
1985-12-18,1985,1985,12,4
2009-06-06,1986,2009,6,2
2014-11-14,1987,2014,11,4
1980-10-06,1988,1980,10,4
1980-03-07,1989,1980,3,1
2010-03-19,1990,2010,3,1
1983-07-28,1991,1983,7,3
2013-10-22,1992,2013,10,4
1988-02-29,1993,1988,2,1
2007-10-12,1994,2007,10,4
1994-12-21,1995,1994,12,4
2012-02-01,1996,2012,2,1
2006-02-03,1997,2006,2,1
1978-12-08,1998,1978,12,4
2013-02-21,1999,2013,2,1
2015-11-26,2000,2015,11,4
1993-06-09,2001,1993,6,2
2003-04-10,2002,2003,4,2
1962-12-10,2003,1962,12,4
2009-08-28,2004,2009,8,3
2014-12-05,2005,2014,12,4
2009-03-13,2006,2009,3,1
2002-07-01,2007,2002,7,3
1987-09-18,2008,1987,9,3
2007-12-27,2009,2007,12,4
2011-08-06,2010,2011,8,3
2004-02-17,2011,2004,2,1
1998-04-17,2012,1998,4,2
2007-04-26,2013,2007,4,2
2000-04-21,2014,2000,4,2
1996-05-03,2015,1996,5,2
2005-10-26,2016,2005,10,4
2010-07-23,2017,2010,7,3
1993-11-05,2018,1993,11,4
1997-09-11,2019,1997,9,3
2000-09-19,2020,2000,9,3
2016-04-21,2021,2016,4,2
1999-09-04,2022,1999,9,3
1984-05-11,2023,1984,5,2
2014-07-25,2024,2014,7,3
2001-04-18,2025,2001,4,2
2008-01-11,2026,2008,1,1
2000-09-01,2027,2000,9,3
2004-07-02,2028,2004,7,3
1989-03-10,2029,1989,3,1
1998-01-01,2030,1998,1,1
2000-03-23,2031,2000,3,1
1985-02-20,2032,1985,2,1
2004-08-10,2033,2004,8,3
1998-03-06,2034,1998,3,1
2007-01-01,2035,2007,1,1
2002-10-01,2036,2002,10,4
2002-05-17,2037,2002,5,2
1998-02-01,2038,1998,2,1
2006-05-05,2039,2006,5,2
2013-05-09,2040,2013,5,2
2012-09-23,2041,2012,9,3
2000-07-19,2042,2000,7,3
2005-11-17,2043,2005,11,4
1999-09-16,2044,1999,9,3
2005-09-05,2045,2005,9,3
1999-04-30,2046,1999,4,2
2007-01-26,2047,2007,1,1
2010-05-23,2048,2010,5,2
2007-08-05,2049,2007,8,3
2008-01-18,2050,2008,1,1
1986-01-17,2051,1986,1,1
2007-10-20,2052,2007,10,4
1927-01-10,2053,1927,1,1
2004-11-09,2054,2004,11,4
1995-12-01,2055,1995,12,4
2015-08-27,2056,2015,8,3
2001-09-08,2057,2001,9,3
2003-06-25,2058,2003,6,2
2008-12-04,2059,2008,12,4
2010-02-15,2060,2010,2,1
2008-08-07,2061,2008,8,3
2001-10-14,2062,2001,10,4
2008-07-04,2063,2008,7,3
2014-10-09,2064,2014,10,4
2009-03-22,2065,2009,3,1
1993-02-11,2066,1993,2,1
2015-07-01,2067,2015,7,3
1996-10-31,2068,1996,10,4
2010-09-16,2069,2010,9,3
2014-08-21,2070,2014,8,3
1992-08-07,2071,1992,8,3
2005-05-16,2072,2005,5,2
2008-05-12,2073,2008,5,2
1987-09-11,2074,1987,9,3
1990-03-23,2075,1990,3,1
1988-05-19,2076,1988,5,2
1989-12-20,2077,1989,12,4
1993-09-30,2078,1993,9,3
2007-05-16,2079,2007,5,2
1977-07-07,2080,1977,7,3
2011-12-30,2081,2011,12,4
2002-10-04,2082,2002,10,4
1993-07-23,2083,1993,7,3
2002-03-08,2084,2002,3,1
1977-06-17,2085,1977,6,2
2005-05-05,2086,2005,5,2
2003-08-21,2087,2003,8,3
2009-06-08,2088,2009,6,2
1999-03-25,2089,1999,3,1
1977-06-21,2090,1977,6,2
1994-05-13,2091,1994,5,2
2007-03-16,2092,2007,3,1
2001-07-24,2093,2001,7,3
2006-09-05,2094,2006,9,3
2001-02-02,2095,2001,2,1
2007-05-22,2096,2007,5,2
1999-01-29,2097,1999,1,1
2006-10-27,2098,2006,10,4
2001-09-06,2099,2001,9,3
2008-01-01,2100,2008,1,1
1978-11-02,2101,1978,11,4
2002-02-13,2102,2002,2,1
2008-09-26,2103,2008,9,3
2009-10-27,2104,2009,10,4
1995-07-19,2105,1995,7,3
2002-09-01,2106,2002,9,3
2000-11-22,2107,2000,11,4
2001-01-19,2108,2001,1,1
1987-12-23,2109,1987,12,4
2010-12-29,2110,2010,12,4
1974-12-20,2111,1974,12,4
1988-08-19,2112,1988,8,3
2016-03-17,2113,2016,3,1
1988-08-12,2114,1988,8,3
1993-02-04,2115,1993,2,1
2004-01-22,2116,2004,1,1
2007-11-27,2117,2007,11,4
1998-04-24,2118,1998,4,2
1996-07-10,2119,1996,7,3
1999-09-30,2120,1999,9,3
2014-06-14,2121,2014,6,2
2006-12-19,2122,2006,12,4
2006-10-15,2123,2006,10,4
2015-10-16,2124,2015,10,4
1994-04-13,2125,1994,4,2
1999-08-04,2126,1999,8,3
1998-08-28,2127,1998,8,3
2013-03-01,2128,2013,3,1
2006-05-16,2129,2006,5,2
2007-06-14,2130,2007,6,2
2013-03-21,2131,2013,3,1
2000-01-01,2132,2000,1,1
2009-03-25,2133,2009,3,1
1996-04-03,2134,1996,4,2
1993-05-14,2135,1993,5,2
2000-12-29,2136,2000,12,4
2015-07-24,2137,2015,7,3
2011-05-12,2138,2011,5,2
2011-12-23,2139,2011,12,4
2009-01-18,2140,2009,1,1
1981-12-15,2141,1981,12,4
1993-09-09,2142,1993,9,3
2010-07-15,2143,2010,7,3
1992-09-15,2144,1992,9,3
2010-02-19,2145,2010,2,1
1937-09-03,2146,1937,9,3
2008-05-07,2147,2008,5,2
2000-05-17,2148,2000,5,2
1997-12-31,2149,1997,12,4
1996-01-26,2150,1996,1,1
2009-09-07,2151,2009,9,3
1988-11-18,2152,1988,11,4
2004-02-05,2153,2004,2,1
1973-12-26,2154,1973,12,4
1975-06-18,2155,1975,6,2
1999-07-09,2156,1999,7,3
2012-12-12,2157,2012,12,4
1986-12-12,2158,1986,12,4
2002-04-01,2159,2002,4,2
1982-06-03,2160,1982,6,2
1994-02-04,2161,1994,2,1
1983-06-03,2162,1983,6,2
1985-02-08,2163,1985,2,1
2012-02-24,2164,2012,2,1
1996-12-15,2165,1996,12,4
1997-12-24,2166,1997,12,4
2008-04-25,2167,2008,4,2
1983-11-18,2168,1983,11,4
1981-07-13,2169,1981,7,3
2012-03-01,2170,2012,3,1
1970-01-25,2171,1970,1,1
2002-08-21,2172,2002,8,3
1992-12-10,2173,1992,12,4
2002-08-29,2174,2002,8,3
2012-06-28,2175,2012,6,2
2014-05-16,2176,2014,5,2
1979-01-01,2177,1979,1,1
2013-11-01,2178,2013,11,4
2005-01-23,2179,2005,1,1
1978-10-05,2180,1978,10,4
2015-06-18,2181,2015,6,2
1995-01-13,2182,1995,1,1
2011-12-16,2183,2011,12,4
1997-08-06,2184,1997,8,3
1998-10-30,2185,1998,10,4
1981-03-20,2186,1981,3,1
2003-08-31,2187,2003,8,3
1981-09-16,2188,1981,9,3
2012-09-14,2189,2012,9,3
2015-01-30,2190,2015,1,1
1992-09-30,2191,1992,9,3
1998-09-07,2192,1998,9,3
2003-06-20,2193,2003,6,2
1996-03-22,2194,1996,3,1
2003-09-09,2195,2003,9,3
2008-11-19,2196,2008,11,4
2001-09-10,2197,2001,9,3
1981-11-13,2198,1981,11,4
1999-03-16,2199,1999,3,1
2008-02-22,2200,2008,2,1
2013-05-21,2201,2013,5,2
2013-02-28,2202,2013,2,1
2004-05-20,2203,2004,5,2
2007-09-12,2204,2007,9,3
2009-09-14,2205,2009,9,3
2007-09-08,2206,2007,9,3
2007-01-23,2207,2007,1,1
1999-02-13,2208,1999,2,1
2009-12-11,2209,2009,12,4
2011-01-01,2210,2011,1,1
2010-12-01,2211,2010,12,4
2011-04-14,2212,2011,4,2
1989-04-21,2213,1989,4,2
2009-02-07,2214,2009,2,1
2015-08-28,2215,2015,8,3
1984-06-07,2216,1984,6,2
1977-05-25,2217,1977,5,2
1965-12-22,2218,1965,12,4
2008-10-22,2219,2008,10,4
1992-03-13,2220,1992,3,1
2014-05-26,2221,2014,5,2
1989-02-16,2222,1989,2,1
2009-10-22,2223,2009,10,4
2008-09-17,2224,2008,9,3
1978-04-26,2225,1978,4,2
1986-01-01,2226,1986,1,1
2015-10-20,2227,2015,10,4
1975-12-18,2228,1975,12,4
2015-04-10,2229,2015,4,2
2004-09-04,2230,2004,9,3
1992-10-09,2231,1992,10,4
2002-02-01,2232,2002,2,1
1993-12-17,2233,1993,12,4
2013-10-06,2234,2013,10,4
2001-08-31,2235,2001,8,3
1991-08-02,2236,1991,8,3
1970-01-27,2237,1970,1,1
2010-09-13,2238,2010,9,3
2008-10-23,2239,2008,10,4
1969-04-01,2240,1969,4,2
2012-02-10,2241,2012,2,1
2006-07-20,2242,2006,7,3
1999-04-15,2243,1999,4,2
2013-08-11,2244,2013,8,3
1968-04-10,2245,1968,4,2
1982-04-03,2246,1982,4,2
2007-04-16,2247,2007,4,2
1994-09-02,2248,1994,9,3
2010-04-30,2249,2010,4,2
2012-06-01,2250,2012,6,2
1981-06-25,2251,1981,6,2
2000-08-25,2252,2000,8,3
2007-10-25,2253,2007,10,4
2005-01-07,2254,2005,1,1
1986-10-07,2255,1986,10,4
1962-09-25,2256,1962,9,3
1992-10-01,2257,1992,10,4
2001-07-01,2258,2001,7,3
1989-02-17,2259,1989,2,1
1968-09-26,2260,1968,9,3
2011-11-28,2261,2011,11,4
2001-01-27,2262,2001,1,1
1985-06-29,2263,1985,6,2
1985-10-03,2264,1985,10,4
2010-01-13,2265,2010,1,1
2015-06-04,2266,2015,6,2
1985-03-22,2267,1985,3,1
1992-03-05,2268,1992,3,1
1983-06-24,2269,1983,6,2
1989-05-19,2270,1989,5,2
1994-11-23,2271,1994,11,4
1983-03-25,2272,1983,3,1
2016-08-10,2273,2016,8,3
1983-10-21,2274,1983,10,4
2015-08-19,2275,2015,8,3
2012-08-17,2276,2012,8,3
2001-02-01,2277,2001,2,1
2006-06-09,2278,2006,6,2
1994-02-25,2279,1994,2,1
1985-09-27,2280,1985,9,3
1998-09-17,2281,1998,9,3
2010-11-11,2282,2010,11,4
2015-02-26,2283,2015,2,1
2008-07-02,2284,2008,7,3
2005-06-17,2285,2005,6,2
1990-08-03,2286,1990,8,3
1990-01-19,2287,1990,1,1
1980-05-12,2288,1980,5,2
2013-05-01,2289,2013,5,2
2013-08-28,2290,2013,8,3
2011-10-17,2291,2011,10,4
2005-05-12,2292,2005,5,2
1997-03-14,2293,1997,3,1
2015-07-30,2294,2015,7,3
2005-12-02,2295,2005,12,4
2001-03-08,2296,2001,3,1
1999-02-19,2297,1999,2,1
2014-12-24,2298,2014,12,4
1984-10-25,2299,1984,10,4
2010-05-21,2300,2010,5,2
2002-09-05,2301,2002,9,3
2012-06-22,2302,2012,6,2
1998-09-10,2303,1998,9,3
2013-09-06,2304,2013,9,3
1981-12-18,2305,1981,12,4
2015-03-19,2306,2015,3,1
2011-09-13,2307,2011,9,3
2012-10-12,2308,2012,10,4
1993-09-13,2309,1993,9,3
1999-05-15,2310,1999,5,2
2004-01-13,2311,2004,1,1
2000-09-23,2312,2000,9,3
1987-05-01,2313,1987,5,2
2006-03-30,2314,2006,3,1
2016-01-07,2315,2016,1,1
1981-02-11,2316,1981,2,1
2015-04-03,2317,2015,4,2
2011-06-24,2318,2011,6,2
2000-02-04,2319,2000,2,1
2012-09-01,2320,2012,9,3
2006-06-23,2321,2006,6,2
2011-09-10,2322,2011,9,3
2003-05-02,2323,2003,5,2
1998-05-21,2324,1998,5,2
2008-04-28,2325,2008,4,2
2001-07-12,2326,2001,7,3
1997-10-15,2327,1997,10,4
2014-11-07,2328,2014,11,4
1997-10-10,2329,1997,10,4
2004-09-14,2330,2004,9,3
2001-07-16,2331,2001,7,3
2009-08-20,2332,2009,8,3
2006-05-19,2333,2006,5,2
2010-10-29,2334,2010,10,4
2013-05-03,2335,2013,5,2
2014-03-07,2336,2014,3,1
1998-02-20,2337,1998,2,1
2009-04-25,2338,2009,4,2
2009-01-21,2339,2009,1,1
2010-05-15,2340,2010,5,2
2011-06-10,2341,2011,6,2
2008-09-10,2342,2008,9,3
2008-08-08,2343,2008,8,3
2013-08-30,2344,2013,8,3
2010-05-07,2345,2010,5,2
2009-05-26,2346,2009,5,2
2010-03-09,2347,2010,3,1
2013-09-28,2348,2013,9,3
2009-04-03,2349,2009,4,2
2005-09-03,2350,2005,9,3
2000-01-12,2351,2000,1,1
2014-09-11,2352,2014,9,3
1967-06-12,2353,1967,6,2
2014-04-30,2354,2014,4,2
2012-07-01,2355,2012,7,3
1988-06-10,2356,1988,6,2
1963-11-07,2357,1963,11,4
1981-08-07,2358,1981,8,3
2015-02-27,2359,2015,2,1
2011-05-26,2360,2011,5,2
2011-08-04,2361,2011,8,3
1979-05-25,2362,1979,5,2
1974-10-01,2363,1974,10,4
1971-11-03,2364,1971,11,4
1965-12-16,2365,1965,12,4
1996-11-06,2366,1996,11,4
1988-11-08,2367,1988,11,4
2007-05-18,2368,2007,5,2
2000-01-21,2369,2000,1,1
2004-05-30,2370,2004,5,2
1983-06-07,2371,1983,6,2
2004-05-14,2372,2004,5,2
1989-10-05,2373,1989,10,4
2007-01-19,2374,2007,1,1
1994-04-29,2375,1994,4,2
1984-03-16,2376,1984,3,1
2005-09-01,2377,2005,9,3
2008-01-21,2378,2008,1,1
1990-01-25,2379,1990,1,1
2008-03-25,2380,2008,3,1
2009-02-28,2381,2009,2,1
2009-03-18,2382,2009,3,1
2009-05-16,2383,2009,5,2
1986-09-26,2384,1986,9,3
2004-01-15,2385,2004,1,1
2010-04-15,2386,2010,4,2
2011-10-06,2387,2011,10,4
2007-11-28,2388,2007,11,4
2005-03-21,2389,2005,3,1
1987-07-31,2390,1987,7,3
2009-12-16,2391,2009,12,4
1979-11-07,2392,1979,11,4
1968-10-10,2393,1968,10,4
1990-10-03,2394,1990,10,4
2006-09-02,2395,2006,9,3
2001-09-21,2396,2001,9,3
2013-02-01,2397,2013,2,1
2009-11-05,2398,2009,11,4
2007-03-27,2399,2007,3,1
2006-05-18,2400,2006,5,2
2013-05-31,2401,2013,5,2
1951-11-08,2402,1951,11,4
2008-07-18,2403,2008,7,3
1994-10-08,2404,1994,10,4
1979-05-31,2405,1979,5,2
2014-10-23,2406,2014,10,4
2004-02-27,2407,2004,2,1
1965-03-02,2408,1965,3,1
1984-03-09,2409,1984,3,1
2006-07-26,2410,2006,7,3
1986-08-22,2411,1986,8,3
1979-06-22,2412,1979,6,2
2002-10-05,2413,2002,10,4
1996-04-04,2414,1996,4,2
2008-03-21,2415,2008,3,1
2014-01-29,2416,2014,1,1
2016-09-09,2417,2016,9,3
1993-05-07,2418,1993,5,2
1969-12-12,2419,1969,12,4
1994-10-13,2420,1994,10,4
2009-01-30,2421,2009,1,1
2000-04-13,2422,2000,4,2
2002-01-12,2423,2002,1,1
2006-07-06,2424,2006,7,3
2009-03-21,2425,2009,3,1
1994-04-22,2426,1994,4,2
2000-05-15,2427,2000,5,2
2000-09-22,2428,2000,9,3
2015-12-30,2429,2015,12,4
2002-01-08,2430,2002,1,1
2010-07-06,2431,2010,7,3
2010-09-11,2432,2010,9,3
2007-10-05,2433,2007,10,4
1997-01-24,2434,1997,1,1
1983-04-21,2435,1983,4,2
2009-02-09,2436,2009,2,1
2007-04-30,2437,2007,4,2
2012-12-07,2438,2012,12,4
2005-08-03,2439,2005,8,3
2010-06-17,2440,2010,6,2
2008-04-11,2441,2008,4,2
2006-02-19,2442,2006,2,1
2005-01-22,2443,2005,1,1
1988-07-16,2444,1988,7,3
2007-07-23,2445,2007,7,3
2005-10-25,2446,2005,10,4
2014-04-20,2447,2014,4,2
2013-09-17,2448,2013,9,3
2005-02-01,2449,2005,2,1
2016-09-16,2450,2016,9,3
2003-05-18,2451,2003,5,2
1989-10-19,2452,1989,10,4
1989-12-13,2453,1989,12,4
1995-01-30,2454,1995,1,1
2014-08-30,2455,2014,8,3
2009-10-29,2456,2009,10,4
2002-01-14,2457,2002,1,1
2001-09-01,2458,2001,9,3
2011-12-21,2459,2011,12,4
2007-04-27,2460,2007,4,2
2007-05-23,2461,2007,5,2
2008-03-11,2462,2008,3,1
2016-06-08,2463,2016,6,2
2009-11-11,2464,2009,11,4
2007-12-05,2465,2007,12,4
1971-12-13,2466,1971,12,4
1972-03-14,2467,1972,3,1
1983-04-14,2468,1983,4,2
2009-07-17,2469,2009,7,3
1993-05-19,2470,1993,5,2
2003-01-24,2471,2003,1,1
1973-07-05,2472,1973,7,3
2011-05-06,2473,2011,5,2
1995-08-25,2474,1995,8,3
1976-06-23,2475,1976,6,2
1974-12-01,2476,1974,12,4
1988-02-12,2477,1988,2,1
2005-07-08,2478,2005,7,3
2014-01-08,2479,2014,1,1
2005-07-22,2480,2005,7,3
2015-06-19,2481,2015,6,2
1999-08-25,2482,1999,8,3
2003-04-11,2483,2003,4,2
1978-11-22,2484,1978,11,4
2009-10-02,2485,2009,10,4
2010-01-22,2486,2010,1,1
1989-06-01,2487,1989,6,2
2009-10-19,2488,2009,10,4
2004-02-11,2489,2004,2,1
2002-02-04,2490,2002,2,1
1992-05-01,2491,1992,5,2
2008-04-07,2492,2008,4,2
2002-10-18,2493,2002,10,4
2006-12-29,2494,2006,12,4
2013-11-22,2495,2013,11,4
2009-10-21,2496,2009,10,4
1983-04-08,2497,1983,4,2
2009-11-07,2498,2009,11,4
1977-09-08,2499,1977,9,3
1993-01-27,2500,1993,1,1
2010-09-03,2501,2010,9,3
2009-09-25,2502,2009,9,3
1998-03-13,2503,1998,3,1
2010-08-01,2504,2010,8,3
2010-01-01,2505,2010,1,1
2005-08-17,2506,2005,8,3
1999-01-22,2507,1999,1,1
2014-07-21,2508,2014,7,3
1985-06-28,2509,1985,6,2
1993-09-24,2510,1993,9,3
2016-10-02,2511,2016,10,4
1999-02-10,2512,1999,2,1
2005-06-08,2513,2005,6,2
2010-09-04,2514,2010,9,3
2003-02-11,2515,2003,2,1
2014-10-02,2516,2014,10,4
2009-08-09,2517,2009,8,3
1991-07-12,2518,1991,7,3
1987-07-24,2519,1987,7,3
1981-05-22,2520,1981,5,2
1980-06-25,2521,1980,6,2
1993-04-02,2522,1993,4,2
1999-04-09,2523,1999,4,2
1971-03-12,2524,1971,3,1
2011-10-02,2525,2011,10,4
2004-09-30,2526,2004,9,3
2000-07-05,2527,2000,7,3
2009-11-13,2528,2009,11,4
2003-02-09,2529,2003,2,1
2009-03-27,2530,2009,3,1
1985-05-15,2531,1985,5,2
1978-07-07,2532,1978,7,3
1986-12-18,2533,1986,12,4
1969-09-23,2534,1969,9,3
1964-08-27,2535,1964,8,3
1980-09-19,2536,1980,9,3
1961-10-18,2537,1961,10,4
1980-07-25,2538,1980,7,3
1999-07-16,2539,1999,7,3
1989-08-11,2540,1989,8,3
1946-12-31,2541,1946,12,4
1988-10-13,2542,1988,10,4
1998-04-23,2543,1998,4,2
1989-10-12,2544,1989,10,4
2008-02-15,2545,2008,2,1
2000-09-06,2546,2000,9,3
2009-03-06,2547,2009,3,1
2011-07-07,2548,2011,7,3
2008-08-28,2549,2008,8,3
1999-04-21,2550,1999,4,2
1998-11-05,2551,1998,11,4
2014-01-18,2552,2014,1,1
1993-08-27,2553,1993,8,3
2015-08-31,2554,2015,8,3
2001-11-23,2555,2001,11,4
1969-06-17,2556,1969,6,2
1979-01-25,2557,1979,1,1
1991-06-08,2558,1991,6,2
2009-01-17,2559,2009,1,1
2011-07-15,2560,2011,7,3
2006-01-10,2561,2006,1,1
1977-10-02,2562,1977,10,4
2003-05-16,2563,2003,5,2
1994-09-04,2564,1994,9,3
2012-11-08,2565,2012,11,4
2011-04-02,2566,2011,4,2
2009-10-11,2567,2009,10,4
1983-02-04,2568,1983,2,1
2014-01-20,2569,2014,1,1
2008-11-17,2570,2008,11,4
2012-04-22,2571,2012,4,2
1964-09-21,2572,1964,9,3
2002-04-11,2573,2002,4,2
2009-09-15,2574,2009,9,3
2010-07-16,2575,2010,7,3
1973-12-25,2576,1973,12,4
1981-05-15,2577,1981,5,2
1996-01-21,2578,1996,1,1
2013-07-26,2579,2013,7,3
1973-04-19,2580,1973,4,2
2001-12-14,2581,2001,12,4
1980-06-06,2582,1980,6,2
2004-03-17,2583,2004,3,1
2003-06-06,2584,2003,6,2
1989-06-30,2585,1989,6,2
2001-01-01,2586,2001,1,1
2011-05-17,2587,2011,5,2
2002-05-22,2588,2002,5,2
2013-10-05,2589,2013,10,4
1999-08-23,2590,1999,8,3
2012-08-10,2591,2012,8,3
2014-09-07,2592,2014,9,3
1980-10-02,2593,1980,10,4
2011-04-22,2594,2011,4,2
2005-10-28,2595,2005,10,4
2002-10-21,2596,2002,10,4
2016-07-21,2597,2016,7,3
2011-10-19,2598,2011,10,4
1987-02-27,2599,1987,2,1
2013-07-20,2600,2013,7,3
2012-10-17,2601,2012,10,4
1953-09-16,2602,1953,9,3
1975-05-21,2603,1975,5,2
1991-09-05,2604,1991,9,3
2003-11-16,2605,2003,11,4
1954-12-23,2606,1954,12,4
2014-01-01,2607,2014,1,1
2015-01-29,2608,2015,1,1
2000-10-11,2609,2000,10,4
2013-09-08,2610,2013,9,3
2000-05-18,2611,2000,5,2
2013-06-06,2612,2013,6,2
1991-10-23,2613,1991,10,4
1982-03-02,2614,1982,3,1
1997-10-09,2615,1997,10,4
1981-09-18,2616,1981,9,3
2011-08-26,2617,2011,8,3
1998-04-08,2618,1998,4,2
2014-08-14,2619,2014,8,3
2014-10-10,2620,2014,10,4
1954-08-25,2621,1954,8,3
1981-03-17,2622,1981,3,1
1989-07-28,2623,1989,7,3
2013-01-24,2624,2013,1,1
1995-09-29,2625,1995,9,3
2001-06-08,2626,2001,6,2
2008-10-31,2627,2008,10,4
1988-10-21,2628,1988,10,4
1986-03-27,2629,1986,3,1
2011-07-20,2630,2011,7,3
2015-08-26,2631,2015,8,3
1982-08-20,2632,1982,8,3
1959-12-25,2633,1959,12,4
2016-01-28,2634,2016,1,1
1932-12-08,2635,1932,12,4
2016-03-11,2636,2016,3,1
2004-01-21,2637,2004,1,1
2003-05-21,2638,2003,5,2
1976-03-11,2639,1976,3,1
1978-11-01,2640,1978,11,4
1968-12-21,2641,1968,12,4
2009-06-12,2642,2009,6,2
1997-05-14,2643,1997,5,2
2010-05-18,2644,2010,5,2
1982-11-10,2645,1982,11,4
2004-02-09,2646,2004,2,1
1992-08-21,2647,1992,8,3
2010-12-16,2648,2010,12,4
2016-04-15,2649,2016,4,2
1996-02-21,2650,1996,2,1
1996-09-09,2651,1996,9,3
2008-02-12,2652,2008,2,1
1980-05-01,2653,1980,5,2
1947-12-27,2654,1947,12,4
1999-06-06,2655,1999,6,2
2004-10-13,2656,2004,10,4
2015-05-15,2657,2015,5,2
2011-10-14,2658,2011,10,4
2009-02-17,2659,2009,2,1
2014-10-17,2660,2014,10,4
2014-08-18,2661,2014,8,3
2015-12-04,2662,2015,12,4
2011-11-12,2663,2011,11,4
2014-12-04,2664,2014,12,4
1977-12-10,2665,1977,12,4
2012-04-28,2666,2012,4,2
2015-10-27,2667,2015,10,4
2016-07-08,2668,2016,7,3
2015-10-08,2669,2015,10,4
1996-08-30,2670,1996,8,3
2011-08-17,2671,2011,8,3
2011-11-25,2672,2011,11,4
1988-04-22,2673,1988,4,2
2006-04-30,2674,2006,4,2
2014-12-23,2675,2014,12,4
1973-05-23,2676,1973,5,2
2005-10-13,2677,2005,10,4
2011-06-29,2678,2011,6,2
2004-05-18,2679,2004,5,2
2013-09-13,2680,2013,9,3
2006-10-12,2681,2006,10,4
1984-03-22,2682,1984,3,1
1980-07-05,2683,1980,7,3
1994-03-09,2684,1994,3,1
1982-08-13,2685,1982,8,3
1956-06-27,2686,1956,6,2
2002-12-16,2687,2002,12,4
1945-08-29,2688,1945,8,3
1998-02-12,2689,1998,2,1
1986-04-23,2690,1986,4,2
2014-03-25,2691,2014,3,1
2001-01-18,2692,2001,1,1
2011-03-18,2693,2011,3,1
1997-04-17,2694,1997,4,2
2002-06-01,2695,2002,6,2
2010-06-09,2696,2010,6,2
2001-12-26,2697,2001,12,4
2010-04-09,2698,2010,4,2
2014-06-13,2699,2014,6,2
1975-11-18,2700,1975,11,4
2015-09-29,2701,2015,9,3
1976-06-17,2702,1976,6,2
1985-12-01,2703,1985,12,4
2014-09-05,2704,2014,9,3
2012-09-11,2705,2012,9,3
2003-01-30,2706,2003,1,1
2006-01-20,2707,2006,1,1
1997-01-01,2708,1997,1,1
2004-06-27,2709,2004,6,2
1992-09-02,2710,1992,9,3
2010-05-06,2711,2010,5,2
1968-10-01,2712,1968,10,4
1977-04-19,2713,1977,4,2
1952-01-10,2714,1952,1,1
2001-11-11,2715,2001,11,4
2013-02-19,2716,2013,2,1
2015-01-23,2717,2015,1,1
1956-05-30,2718,1956,5,2
2010-07-09,2719,2010,7,3
1988-11-23,2720,1988,11,4
1963-06-20,2721,1963,6,2
2000-03-01,2722,2000,3,1
1961-01-01,2723,1961,1,1
2006-02-12,2724,2006,2,1
1995-02-03,2725,1995,2,1
2007-08-27,2726,2007,8,3
2014-04-17,2727,2014,4,2
1969-12-18,2728,1969,12,4
2006-11-17,2729,2006,11,4
1995-12-09,2730,1995,12,4
2002-01-11,2731,2002,1,1
2003-04-23,2732,2003,4,2
1988-12-21,2733,1988,12,4
1996-01-31,2734,1996,1,1
2011-08-19,2735,2011,8,3
2005-01-25,2736,2005,1,1
1987-03-01,2737,1987,3,1
2012-07-02,2738,2012,7,3
1988-03-04,2739,1988,3,1
2000-08-06,2740,2000,8,3
1999-01-01,2741,1999,1,1
1998-06-24,2742,1998,6,2
2013-04-03,2743,2013,4,2
2014-05-01,2744,2014,5,2
2011-11-18,2745,2011,11,4
2011-04-09,2746,2011,4,2
1972-11-09,2747,1972,11,4
1930-11-15,2748,1930,11,4
2012-10-27,2749,2012,10,4
2012-07-21,2750,2012,7,3
1966-12-12,2751,1966,12,4
1976-11-01,2752,1976,11,4
1939-12-15,2753,1939,12,4
2014-07-03,2754,2014,7,3
1965-04-07,2755,1965,4,2
1950-05-17,2756,1950,5,2
2009-09-12,2757,2009,9,3
1948-06-11,2758,1948,6,2
2006-10-02,2759,2006,10,4
1969-05-25,2760,1969,5,2
1997-08-13,2761,1997,8,3
1980-07-02,2762,1980,7,3
2015-08-30,2763,2015,8,3
1995-04-26,2764,1995,4,2
1993-05-26,2765,1993,5,2
1970-05-13,2766,1970,5,2
1967-12-14,2767,1967,12,4
1959-06-18,2768,1959,6,2
1966-02-23,2769,1966,2,1
1972-05-25,2770,1972,5,2
1998-05-27,2771,1998,5,2
1996-08-26,2772,1996,8,3
1998-01-21,2773,1998,1,1
1987-03-13,2774,1987,3,1
1999-04-01,2775,1999,4,2
2006-01-01,2776,2006,1,1
2006-02-07,2777,2006,2,1
2016-01-08,2778,2016,1,1
2008-09-27,2779,2008,9,3
2016-04-29,2780,2016,4,2
2014-03-04,2781,2014,3,1
2015-06-05,2782,2015,6,2
2014-01-06,2783,2014,1,1
1977-12-25,2784,1977,12,4
2005-01-26,2785,2005,1,1
2011-06-09,2786,2011,6,2
2002-02-05,2787,2002,2,1
2015-03-13,2788,2015,3,1
2006-11-07,2789,2006,11,4
2012-08-28,2790,2012,8,3
2014-11-08,2791,2014,11,4
1968-06-12,2792,1968,6,2
1962-04-22,2793,1962,4,2
2009-07-29,2794,2009,7,3
2004-01-18,2795,2004,1,1
2005-10-14,2796,2005,10,4
1978-07-27,2797,1978,7,3
1964-09-17,2798,1964,9,3
2012-09-19,2799,2012,9,3
1946-12-20,2800,1946,12,4
2000-08-18,2801,2000,8,3
1998-09-15,2802,1998,9,3
2002-10-09,2803,2002,10,4
1985-10-31,2804,1985,10,4
1985-12-13,2805,1985,12,4
2012-03-29,2806,2012,3,1
2002-08-01,2807,2002,8,3
1958-02-17,2808,1958,2,1
1970-05-01,2809,1970,5,2
1997-08-01,2810,1997,8,3
2000-07-08,2811,2000,7,3
1957-10-02,2812,1957,10,4
1990-04-27,2813,1990,4,2
1976-04-09,2814,1976,4,2
1960-06-15,2815,1960,6,2
1993-08-13,2816,1993,8,3
1966-07-13,2817,1966,7,3
1985-10-25,2818,1985,10,4
1960-06-19,2819,1960,6,2
1961-12-01,2820,1961,12,4
1999-05-12,2821,1999,5,2
1948-08-26,2822,1948,8,3
1987-11-20,2823,1987,11,4
1988-07-08,2824,1988,7,3
1999-05-14,2825,1999,5,2
1996-09-11,2826,1996,9,3
1971-06-29,2827,1971,6,2
1993-05-01,2828,1993,5,2
1997-04-18,2829,1997,4,2
1978-09-13,2830,1978,9,3
2001-09-02,2831,2001,9,3
1999-01-30,2832,1999,1,1
2013-05-17,2833,2013,5,2
2005-08-18,2834,2005,8,3
2014-09-19,2835,2014,9,3
2016-03-31,2836,2016,3,1
2012-04-06,2837,2012,4,2
1998-05-17,2838,1998,5,2
2012-08-06,2839,2012,8,3
2004-04-25,2840,2004,4,2
2004-09-02,2841,2004,9,3
1999-10-21,2842,1999,10,4
2011-03-13,2843,2011,3,1
2015-02-12,2844,2015,2,1
2014-06-27,2845,2014,6,2
2013-01-14,2846,2013,1,1
1967-08-30,2847,1967,8,3
2013-03-11,2848,2013,3,1
2014-04-04,2849,2014,4,2
2015-08-07,2850,2015,8,3
2010-03-13,2851,2010,3,1
1961-12-18,2852,1961,12,4
2015-08-14,2853,2015,8,3
2003-06-18,2854,2003,6,2
1959-03-18,2855,1959,3,1
1988-05-13,2856,1988,5,2
1939-08-15,2857,1939,8,3
1974-12-15,2858,1974,12,4
1979-10-17,2859,1979,10,4
1996-03-21,2860,1996,3,1
1944-03-01,2861,1944,3,1
1974-02-07,2862,1974,2,1
1984-04-13,2863,1984,4,2
2009-01-20,2864,2009,1,1
2007-12-07,2865,2007,12,4
1952-04-10,2866,1952,4,2
2010-04-16,2867,2010,4,2
2013-01-11,2868,2013,1,1
2012-07-13,2869,2012,7,3
1971-05-20,2870,1971,5,2
1963-05-29,2871,1963,5,2
1991-10-17,2872,1991,10,4
2004-07-28,2873,2004,7,3
1995-01-27,2874,1995,1,1
1999-09-05,2875,1999,9,3
2004-09-12,2876,2004,9,3
2007-11-16,2877,2007,11,4
2012-08-16,2878,2012,8,3
2008-10-01,2879,2008,10,4
2008-11-14,2880,2008,11,4
2006-04-24,2881,2006,4,2
2008-10-29,2882,2008,10,4
2015-07-03,2883,2015,7,3
2016-09-02,2884,2016,9,3
1996-10-16,2885,1996,10,4
2015-08-29,2886,2015,8,3
2006-09-12,2887,2006,9,3
2012-12-14,2888,2012,12,4
1944-07-01,2889,1944,7,3
2011-05-13,2890,2011,5,2
1951-07-13,2891,1951,7,3
2014-08-05,2892,2014,8,3
1987-07-09,2893,1987,7,3
1940-11-13,2894,1940,11,4
2014-06-15,2895,2014,6,2
2015-03-20,2896,2015,3,1
2008-06-13,2897,2008,6,2
1945-06-01,2898,1945,6,2
2015-10-22,2899,2015,10,4
2007-10-09,2900,2007,10,4
1946-12-25,2901,1946,12,4
2001-06-15,2902,2001,6,2
2001-03-16,2903,2001,3,1
2007-04-10,2904,2007,4,2
2010-10-03,2905,2010,10,4
2015-01-01,2906,2015,1,1
2015-07-09,2907,2015,7,3
1963-10-11,2908,1963,10,4
1989-02-24,2909,1989,2,1
1973-12-17,2910,1973,12,4
1972-08-06,2911,1972,8,3
1962-12-25,2912,1962,12,4
1981-12-24,2913,1981,12,4
1994-02-03,2914,1994,2,1
1999-09-02,2915,1999,9,3
1961-09-25,2916,1961,9,3
1940-08-30,2917,1940,8,3
2003-06-11,2918,2003,6,2
2003-08-20,2919,2003,8,3
1947-11-11,2920,1947,11,4
2010-06-11,2921,2010,6,2
1938-05-24,2922,1938,5,2
1999-09-13,2923,1999,9,3
2005-09-11,2924,2005,9,3
1986-12-31,2925,1986,12,4
2006-05-20,2926,2006,5,2
2008-06-25,2927,2008,6,2
2003-09-12,2928,2003,9,3
2010-09-05,2929,2010,9,3
1985-04-10,2930,1985,4,2
2009-06-10,2931,2009,6,2
1997-08-31,2932,1997,8,3
2015-09-18,2933,2015,9,3
2014-11-03,2934,2014,11,4
1993-10-01,2935,1993,10,4
2009-03-16,2936,2009,3,1
2008-02-11,2937,2008,2,1
2012-05-19,2938,2012,5,2
2015-12-12,2939,2015,12,4
1971-04-28,2940,1971,4,2
2007-07-07,2941,2007,7,3
1947-12-24,2942,1947,12,4
2008-05-01,2943,2008,5,2
2012-03-10,2944,2012,3,1
2013-07-09,2945,2013,7,3
2013-04-26,2946,2013,4,2
2013-09-10,2947,2013,9,3
1967-10-05,2948,1967,10,4
2013-01-16,2949,2013,1,1
1966-10-16,2950,1966,10,4
2007-09-27,2951,2007,9,3
2015-08-21,2952,2015,8,3
1986-08-27,2953,1986,8,3
2015-04-24,2954,2015,4,2
2010-08-27,2955,2010,8,3
2009-12-25,2956,2009,12,4
1951-09-18,2957,1951,9,3
1964-01-29,2958,1964,1,1
1973-06-15,2959,1973,6,2
1993-06-04,2960,1993,6,2
1968-07-31,2961,1968,7,3
1952-03-14,2962,1952,3,1
2016-03-04,2963,2016,3,1
2012-02-03,2964,2012,2,1
1998-08-20,2965,1998,8,3
2002-01-13,2966,2002,1,1
2013-12-29,2967,2013,12,4
1972-06-29,2968,1972,6,2
2013-09-19,2969,2013,9,3
1938-08-23,2970,1938,8,3
1953-08-04,2971,1953,8,3
1949-10-22,2972,1949,10,4
2013-10-04,2973,2013,10,4
2007-07-01,2974,2007,7,3
2006-06-06,2975,2006,6,2
1974-04-07,2976,1974,4,2
1969-06-18,2977,1969,6,2
2003-10-05,2978,2003,10,4
2016-02-12,2979,2016,2,1
1988-02-26,2980,1988,2,1
1939-10-19,2981,1939,10,4
2005-10-05,2982,2005,10,4
2001-04-21,2983,2001,4,2
1945-12-28,2984,1945,12,4
1994-09-24,2985,1994,9,3
1998-01-20,2986,1998,1,1
1984-02-20,2987,1984,2,1
2000-08-31,2988,2000,8,3
2012-07-09,2989,2012,7,3
2013-07-24,2990,2013,7,3
2008-03-07,2991,2008,3,1
2006-04-27,2992,2006,4,2
1936-02-05,2993,1936,2,1
2015-03-06,2994,2015,3,1
2008-04-24,2995,2008,4,2
2015-07-07,2996,2015,7,3
2012-09-10,2997,2012,9,3
2014-09-04,2998,2014,9,3
2005-10-01,2999,2005,10,4
2013-11-29,3000,2013,11,4
2014-09-27,3001,2014,9,3
2017-02-03,3002,2017,2,1
1937-12-20,3003,1937,12,4
2004-05-06,3004,2004,5,2
1968-11-06,3005,1968,11,4
2014-01-11,3006,2014,1,1
1966-07-30,3007,1966,7,3
1983-08-19,3008,1983,8,3
1998-05-20,3009,1998,5,2
2006-02-22,3010,2006,2,1
1985-03-15,3011,1985,3,1
2005-12-09,3012,2005,12,4
2010-06-08,3013,2010,6,2
1940-04-12,3014,1940,4,2
1981-05-01,3015,1981,5,2
1945-11-25,3016,1945,11,4
1984-08-31,3017,1984,8,3
2013-04-19,3018,2013,4,2
2011-06-03,3019,2011,6,2
1953-01-21,3020,1953,1,1
1941-10-28,3021,1941,10,4
2014-06-22,3022,2014,6,2
1989-08-18,3023,1989,8,3
2013-08-10,3024,2013,8,3
2001-08-30,3025,2001,8,3
1955-10-03,3026,1955,10,4
1999-09-12,3027,1999,9,3
1940-01-19,3028,1940,1,1
1966-12-23,3029,1966,12,4
2015-02-08,3030,2015,2,1
2003-03-20,3031,2003,3,1
2011-09-11,3032,2011,9,3
2007-03-01,3033,2007,3,1
2011-09-14,3034,2011,9,3
2013-10-27,3035,2013,10,4
1936-10-20,3036,1936,10,4
2011-10-22,3037,2011,10,4
2012-01-01,3038,2012,1,1
1970-05-27,3039,1970,5,2
2013-06-01,3040,2013,6,2
2004-09-29,3041,2004,9,3
1987-09-25,3042,1987,9,3
2002-02-28,3043,2002,2,1
2010-05-13,3044,2010,5,2
1942-11-26,3045,1942,11,4
2008-06-17,3046,2008,6,2
1972-03-09,3047,1972,3,1
1976-11-21,3048,1976,11,4
1963-10-06,3049,1963,10,4
2015-04-17,3050,2015,4,2
1976-02-07,3051,1976,2,1
1981-04-03,3052,1981,4,2
1962-10-04,3053,1962,10,4
2012-05-24,3054,2012,5,2
2016-04-01,3055,2016,4,2
1999-12-11,3056,1999,12,4
2010-12-27,3057,2010,12,4
2005-12-23,3058,2005,12,4
2012-01-06,3059,2012,1,1
1970-07-17,3060,1970,7,3
1956-11-15,3061,1956,11,4
2006-01-24,3062,2006,1,1
1949-12-14,3063,1949,12,4
2016-05-20,3064,2016,5,2
2012-05-02,3065,2012,5,2
2011-10-30,3066,2011,10,4
2014-06-06,3067,2014,6,2
2013-06-14,3068,2013,6,2
1996-07-17,3069,1996,7,3
2000-02-01,3070,2000,2,1
2002-06-09,3071,2002,6,2
1998-10-07,3072,1998,10,4
2014-07-18,3073,2014,7,3
2012-08-31,3074,2012,8,3
2000-05-14,3075,2000,5,2
2013-09-05,3076,2013,9,3
2015-07-31,3077,2015,7,3
2010-07-01,3078,2010,7,3
1998-08-17,3079,1998,8,3
1998-09-23,3080,1998,9,3
2006-01-30,3081,2006,1,1
2002-01-16,3082,2002,1,1
2013-08-09,3083,2013,8,3
2006-03-08,3084,2006,3,1
2014-01-21,3085,2014,1,1
1965-04-22,3086,1965,4,2
2012-03-16,3087,2012,3,1
2009-05-19,3088,2009,5,2
2014-06-01,3089,2014,6,2
2012-01-21,3090,2012,1,1
2012-08-05,3091,2012,8,3
2014-09-08,3092,2014,9,3
1968-09-23,3093,1968,9,3
2013-08-26,3094,2013,8,3
2014-04-19,3095,2014,4,2
2014-04-26,3096,2014,4,2
1954-06-22,3097,1954,6,2
2011-06-18,3098,2011,6,2
1942-08-14,3099,1942,8,3
2007-04-01,3100,2007,4,2
2003-07-10,3101,2003,7,3
2013-12-31,3102,2013,12,4
2002-05-16,3103,2002,5,2
1929-01-30,3104,1929,1,1
2004-09-21,3105,2004,9,3
2000-03-12,3106,2000,3,1
2014-09-23,3107,2014,9,3
2012-10-28,3108,2012,10,4
1973-08-01,3109,1973,8,3
2007-04-13,3110,2007,4,2
2012-06-08,3111,2012,6,2
2011-12-01,3112,2011,12,4
1970-10-21,3113,1970,10,4
2002-05-09,3114,2002,5,2
1952-03-27,3115,1952,3,1
1994-09-12,3116,1994,9,3
2001-01-20,3117,2001,1,1
2016-01-05,3118,2016,1,1
2012-08-27,3119,2012,8,3
2013-05-16,3120,2013,5,2
1935-09-06,3121,1935,9,3
1970-03-26,3122,1970,3,1
1977-08-10,3123,1977,8,3
2000-10-31,3124,2000,10,4
2007-07-20,3125,2007,7,3
1998-04-18,3126,1998,4,2
2014-05-02,3127,2014,5,2
2015-10-13,3128,2015,10,4
2014-08-08,3129,2014,8,3
1964-07-06,3130,1964,7,3
1983-04-01,3131,1983,4,2
2013-11-21,3132,2013,11,4
1974-10-17,3133,1974,10,4
2012-03-06,3134,2012,3,1
1977-08-24,3135,1977,8,3
2003-01-26,3136,2003,1,1
2006-06-26,3137,2006,6,2
2002-01-30,3138,2002,1,1
2003-05-20,3139,2003,5,2
2000-06-08,3140,2000,6,2
1997-01-21,3141,1997,1,1
2005-11-16,3142,2005,11,4
2013-08-23,3143,2013,8,3
1954-04-26,3144,1954,4,2
1991-08-18,3145,1991,8,3
2007-01-21,3146,2007,1,1
2006-10-31,3147,2006,10,4
2012-05-25,3148,2012,5,2
2012-03-28,3149,2012,3,1
2015-03-10,3150,2015,3,1
2016-02-02,3151,2016,2,1
2016-03-29,3152,2016,3,1
2014-10-19,3153,2014,10,4
2014-03-08,3154,2014,3,1
1984-05-01,3155,1984,5,2
1991-06-13,3156,1991,6,2
2006-06-07,3157,2006,6,2
2006-12-26,3158,2006,12,4
2014-04-15,3159,2014,4,2
1933-02-02,3160,1933,2,1
2014-11-20,3161,2014,11,4
2014-04-25,3162,2014,4,2
1975-03-13,3163,1975,3,1
2006-06-05,3164,2006,6,2
2003-10-19,3165,2003,10,4
1981-04-22,3166,1981,4,2
1985-09-07,3167,1985,9,3
2004-09-23,3168,2004,9,3
1972-12-21,3169,1972,12,4
1916-09-04,3170,1916,9,3
1997-10-18,3171,1997,10,4
1929-02-08,3172,1929,2,1
1981-10-15,3173,1981,10,4
2012-12-26,3174,2012,12,4
2015-01-24,3175,2015,1,1
1957-03-25,3176,1957,3,1
1934-02-22,3177,1934,2,1
2003-01-23,3178,2003,1,1
1999-11-28,3179,1999,11,4
1995-09-01,3180,1995,9,3
2003-01-19,3181,2003,1,1
1998-06-11,3182,1998,6,2
2008-05-22,3183,2008,5,2
1965-08-29,3184,1965,8,3
2001-09-20,3185,2001,9,3
1964-01-01,3186,1964,1,1
2005-05-06,3187,2005,5,2
2015-10-23,3188,2015,10,4
1975-04-27,3189,1975,4,2
2014-03-29,3190,2014,3,1
1990-01-01,3191,1990,1,1
2015-02-07,3192,2015,2,1
1997-04-04,3193,1997,4,2
1995-06-16,3194,1995,6,2
2014-12-01,3195,2014,12,4
1997-09-09,3196,1997,9,3
1996-08-01,3197,1996,8,3
2013-07-29,3198,2013,7,3
1997-06-06,3199,1997,6,2
2008-10-21,3200,2008,10,4
2009-01-23,3201,2009,1,1
2010-11-28,3202,2010,11,4
1982-02-05,3203,1982,2,1
2015-01-10,3204,2015,1,1
2014-06-24,3205,2014,6,2
1925-11-05,3206,1925,11,4
2008-10-09,3207,2008,10,4
2000-01-24,3208,2000,1,1
1969-07-25,3209,1969,7,3
1953-06-13,3210,1953,6,2
1979-04-12,3211,1979,4,2
1964-09-12,3212,1964,9,3
1933-02-09,3213,1933,2,1
2004-05-11,3214,2004,5,2
2010-12-23,3215,2010,12,4
2014-10-21,3216,2014,10,4
2004-12-05,3217,2004,12,4
1955-01-09,3218,1955,1,1
2007-06-10,3219,2007,6,2
2004-11-23,3220,2004,11,4
2015-09-25,3221,2015,9,3
1986-08-08,3222,1986,8,3
2014-03-10,3223,2014,3,1
1971-04-23,3224,1971,4,2
2014-07-13,3225,2014,7,3
2012-01-31,3226,2012,1,1
1965-12-09,3227,1965,12,4
2013-02-20,3228,2013,2,1
2014-11-15,3229,2014,11,4
1989-09-01,3230,1989,9,3
2011-01-22,3231,2011,1,1
2005-11-25,3232,2005,11,4
2007-03-03,3233,2007,3,1
1964-12-04,3234,1964,12,4
1977-03-19,3235,1977,3,1
1987-03-20,3236,1987,3,1
1979-12-01,3237,1979,12,4
2001-09-12,3238,2001,9,3
2012-05-18,3239,2012,5,2
1948-02-14,3240,1948,2,1
1971-01-01,3241,1971,1,1
2004-01-17,3242,2004,1,1
1962-02-25,3243,1962,2,1
2014-07-26,3244,2014,7,3
2012-01-23,3245,2012,1,1
1995-08-09,3246,1995,8,3
1983-03-24,3247,1983,3,1
2010-11-12,3248,2010,11,4
2012-10-13,3249,2012,10,4
2006-09-16,3250,2006,9,3
2015-02-09,3251,2015,2,1
2013-04-20,3252,2013,4,2
2014-03-15,3253,2014,3,1
2013-06-28,3254,2013,6,2
2013-09-20,3255,2013,9,3
2014-04-05,3256,2014,4,2
2011-03-27,3257,2011,3,1
1978-05-01,3258,1978,5,2
2015-09-01,3259,2015,9,3
2007-07-08,3260,2007,7,3
2005-03-01,3261,2005,3,1
2009-09-01,3262,2009,9,3
1994-09-13,3263,1994,9,3
1997-01-19,3264,1997,1,1
2002-01-15,3265,2002,1,1
1990-07-27,3266,1990,7,3
2015-01-16,3267,2015,1,1
2005-01-17,3268,2005,1,1
2009-03-14,3269,2009,3,1
2011-10-26,3270,2011,10,4
1972-03-12,3271,1972,3,1
2004-04-11,3272,2004,4,2
2012-01-20,3273,2012,1,1
1995-09-09,3274,1995,9,3
2004-10-08,3275,2004,10,4
2005-03-12,3276,2005,3,1
1992-09-04,3277,1992,9,3
2011-12-26,3278,2011,12,4
2013-10-13,3279,2013,10,4
2012-05-03,3280,2012,5,2
